rn	lgid	language	reflex	originalreflex	gloss	originalgloss	gfn	semkey	srcid	src_set_rn	status	analysis
142306	1010	Chinese (Mandarin)	chútou	chútou	hoe	hoe		5.3		0		
142307	1010	Chinese (Mandarin)	tā	tā	he / she / it 3rd pers. pron.	he / she / it 3rd pers. pron.		4.1		0		
142308	1010	Chinese (Mandarin)	hùi	hùi	able	able		1.1.2.4		0		
142309	1010	Chinese (Mandarin)	hèn	hèn	hate	hate		8.3.1.1.2		0		
142310	1010	Chinese (Mandarin)	huóde	huóde	alive	alive		1.1.2.1		0		m
142312	1010	Chinese (Mandarin)	dǐdá	dǐdá	arrive	arrive		6.7.1		0		
142313	1010	Chinese (Mandarin)	huī	huī	ashes	ashes		3.2.12.2		0		
142314	1010	Chinese (Mandarin)	tīng	tīng	listen	listen		1.2.7.4		0		
142315	1010	Chinese (Mandarin)	jǐ◦bèi	jǐbèi	back / spine	back / spine		1.4.8		0		
142316	1010	Chinese (Mandarin)	(gǒu)fèi	(gǒu)fèi	bark (of dogs)	bark (of dogs)		2.1.11.1		0		
142317	1010	Chinese (Mandarin)	shì	shì	be, copula	be, copula	be v.	10.4.1.1		0		
142318	1010	Chinese (Mandarin)	xióng	xióng	bear	bear		2.2.3		0		
142319	1010	Chinese (Mandarin)	dǎ	dǎ	beat	beat		6.8		0		
142320	1010	Chinese (Mandarin)	měilì	měilì	beautiful	beautiful		7.1.3		0		
142321	1010	Chinese (Mandarin)	chòuchóng	chòuchóng	bedbug	bedbug		2.2.6		0		
142322	1010	Chinese (Mandarin)	mì◦fēng	mìfēng	bee	bee		2.2.6		0		m,302
142323	1010	Chinese (Mandarin)	cóngqián	cóngqián	before, long ago	before, long ago		9.1.5		0		
142325	1010	Chinese (Mandarin)	dà	dà	big	big		9.7.2		0		
142326	1010	Chinese (Mandarin)	dǎn◦(zhī)	dǎn◦(zhī)	bile	bile		1.7.3.1		0		
142327	1010	Chinese (Mandarin)	niǎo	niǎo	bird	bird		2.2.4		0		
142328	1010	Chinese (Mandarin)	kǔ	kǔ	bitter	bitter		7.1.4.4		0		229
142329	1010	Chinese (Mandarin)	hēi	hēi	black	black		9.4		0		
142330	1010	Chinese (Mandarin)	xiě	xiě	blood	blood		1.6.2		0		230
142331	1010	Chinese (Mandarin)	huā	huā	blossom	blossom		3.1.4		0		
142332	1010	Chinese (Mandarin)	chuī	chuī	blow	blow		1.3.1.4		0		1739
142333	1010	Chinese (Mandarin)	lán	lán	blue	blue		9.4		0		
142334	1010	Chinese (Mandarin)	mùbǎn	mùbǎn	board	board		5.11.9		0		
142335	1010	Chinese (Mandarin)	chuán	chuán	boat	boat		5.1		0		
142336	1010	Chinese (Mandarin)	shēn-tǐ	shēn-tǐ	body	body		1.1.1		0		34,1125
142337	1010	Chinese (Mandarin)	fèi	fèi	boil	boil	v.i.	6.6		0		
142338	1010	Chinese (Mandarin)	zhǔ	zhǔ	boil, cook	boil, cook		6.6		0		
142339	1010	Chinese (Mandarin)	fàn	fàn	boiled rice	boiled rice		6.6		0		
142340	1010	Chinese (Mandarin)	jiè	jiè	borrow, lend	borrow, lend		6.22		0		
142342	1010	Chinese (Mandarin)	xiāngzi	xiāngzi	box	box		5.1		0		
142344	1010	Chinese (Mandarin)	shùzhī	shùzhī	branch	branch		1.5.3.1		0		
142345	1010	Chinese (Mandarin)	qiáo	qiáo	bridge	bridge		9.10.2		0		
142347	1010	Chinese (Mandarin)	yá	yá	bud	bud		3.1.4		0		
142348	1010	Chinese (Mandarin)	shuǐniú	shuǐniú	buffalo	buffalo		2.1.2		0		
142349	1010	Chinese (Mandarin)	lián◦jie	liánjie	join	join		6.13.5		0		2603,m
142350	1010	Chinese (Mandarin)	pì◦gǔ	pì◦gǔ	buttocks	buttocks		1.4.10		0		1361,m
142351	1010	Chinese (Mandarin)	mǎi	mǎi	buy	buy		6.22		0		
142353	1010	Chinese (Mandarin)	jiào	jiào	call out	call out		8.5.13		0		
142354	1010	Chinese (Mandarin)	bēi	bēi	carry on back	carry on back		6.2.2.2.1		0		
142356	1010	Chinese (Mandarin)	māo	māo	cat	cat		2.1.3		0		
142357	1010	Chinese (Mandarin)	zhuō	zhuō	catch	catch	v	6.21		0		
142359	1010	Chinese (Mandarin)	méi	méi	charcoal	charcoal		3.2.4		0		
142361	1010	Chinese (Mandarin)	jiáo	jiáo	chew	chew		1.3.4		0		1778
142362	1010	Chinese (Mandarin)	jī	jī	chicken	chicken		2.1.10		0		
142364	1010	Chinese (Mandarin)	làjiāo	làjiāo	chilli	chilli		3.1.5		0		
142365	1010	Chinese (Mandarin)	kàizi	kàizi	chopsticks	chopsticks		5.5		0		
142366	1010	Chinese (Mandarin)	gānjìng	gānjìng	clean	clean		6.2.2.5.2		0		
142367	1010	Chinese (Mandarin)	qīng	qīng	clear water	clear water		9.6.1.1		0		
142368	1010	Chinese (Mandarin)	kē	kē	clf for trees	clf for trees		10.1.3		0		
142369	1010	Chinese (Mandarin)	gēn	gēn	clf. for long things	clf. for long things		10.1.3		0		
142370	1010	Chinese (Mandarin)	gè	gè	clf. for animals	clf. for animals		10.1.3		0		
142372	1010	Chinese (Mandarin)	bì◦(yǎn)	bì(yǎn)	close (eyes)	close (eyes)		6.2.2.6.2		0		5709,m
142374	1010	Chinese (Mandarin)	yīfu	yīfu	clothes, shirt	clothes, shirt		5.11.8.2.1		0		
142376	1010	Chinese (Mandarin)	shū◦zi	shū◦zi	comb	comb		1.2.2.1		0		m,s
142377	1010	Chinese (Mandarin)	lái	lái	come	come		6.7.1		0		3569
142378	1010	Chinese (Mandarin)	chū	chū	come out	come out		6.7.2		0		2718
142379	1010	Chinese (Mandarin)	lián◦jie	liánjie	connect	connect		6.13.3		0		2603,m
142380	1010	Chinese (Mandarin)	yùmǐ	yùmǐ	corn, maize	corn, maize		3.1.4		0		
142381	1010	Chinese (Mandarin)	miánhuā	miánhuā	cotton	cotton		5.1		0		
142382	1010	Chinese (Mandarin)	wān	wān	crooked (road)	crooked (road)		9.7.2		0		
142383	1010	Chinese (Mandarin)	kū	kū	cry, weep	cry, weep		1.8.8.2		0		5588
142384	1010	Chinese (Mandarin)	kǎn	kǎn	cut, hack	cut, hack		6.9.3		0		
142385	1010	Chinese (Mandarin)	qiē	qiē	cut, slice	cut, slice		6.9.3		0		
142386	1010	Chinese (Mandarin)	gǎn	gǎn	dare	dare				0		
142387	1010	Chinese (Mandarin)	xífù	xífù	daughter-in-law	daughter-in-law		4.7.4		0		
142388	1010	Chinese (Mandarin)	hòutiān	hòutiān	day after tomorrow	day after tomorrow		1.5.3.2		0		
142389	1010	Chinese (Mandarin)	qiántiān	qiántiān	day before yesterday	day before yesterday		1.5.3.2		0		
142390	1010	Chinese (Mandarin)	lóng(zi)	lóng(zi)	deaf (person)	deaf (person)		1.2.7.5		0		
142391	1010	Chinese (Mandarin)	shēn	shēn	deep	deep		7.1.5.3		0		
142392	1010	Chinese (Mandarin)	lùshuǐ	lùshuǐ	dew	dew				0		
142393	1010	Chinese (Mandarin)	sǐ	sǐ	die	die		1.1.6		0		27
142394	1010	Chinese (Mandarin)	wājué	wājué	dig	dig		6.11		0		
142395	1010	Chinese (Mandarin)	fēn	fēn	divide	divide		6.10.4		0		
142396	1010	Chinese (Mandarin)	zuò	zuò	do, make	do, make		6.1.1.1		0		
142397	1010	Chinese (Mandarin)	gǒu	gǒu	dog	dog		2.1.11		0		999R
142398	1010	Chinese (Mandarin)	bié	bié	don't	don't		10.4.2.1		0		
142399	1010	Chinese (Mandarin)	mén	mén	door	door		5.11.9.3		0		467
142400	1010	Chinese (Mandarin)	gēzi	gēzi	dove	dove		2.2.4.1		0		
142401	1010	Chinese (Mandarin)	hē	hē	drink	drink	v			0		1704
142402	1010	Chinese (Mandarin)	dī	dī	drop	drop		6.16		0		
142403	1010	Chinese (Mandarin)	zuì	zuì	drunk	drunk		1.3.5.9		0		
142405	1010	Chinese (Mandarin)	shài	shài	dry in sun	dry in sun	v	6.6		0		
142406	1010	Chinese (Mandarin)	ěr◦duo	ěr◦duo	ear	ear		1.2.7		0		811,m
142407	1010	Chinese (Mandarin)	dì	dì	earth	earth		3.2.11		0		
142408	1010	Chinese (Mandarin)	chī	chī	eat	eat		1.5.3.2		0		36
142409	1010	Chinese (Mandarin)	biānyuán	biānyuán	edge	edge		9.2.7		0		
142410	1010	Chinese (Mandarin)	dàn	dàn	egg	egg				0		
142411	1010	Chinese (Mandarin)	bā	bā	eight	eight		9.9		0		
142412	1010	Chinese (Mandarin)	shǒuzhóu	shǒuzhóu	elbow	elbow		1.5.8.3		0		
142413	1010	Chinese (Mandarin)	xiàng	xiàng	elephant	elephant		2.2.1		0		
142414	1010	Chinese (Mandarin)	jiāohuàn	jiāohuàn	exchange	exchange		6.22		0		
142415	1010	Chinese (Mandarin)	yǎn◦jīng	yǎn◦jīng	eye	eye		1.2.6		0		
142416	1010	Chinese (Mandarin)	liǎn	liǎn	face	face		1.2.5		0		
142417	1010	Chinese (Mandarin)	diéluò	diéluò	fall down, drop	fall down, drop		6.1.1.4.2		0		
142418	1010	Chinese (Mandarin)	kuài	kuài	fast, quick	fast, quick		9.6.1.1		0		
142419	1010	Chinese (Mandarin)	fùqīn	fùqīn	father	father		4.7.1		0		x
142420	1010	Chinese (Mandarin)	zhǐjiá	zhǐjiá	finger	finger		1.5.6		0		
142421	1010	Chinese (Mandarin)	huǒ	huǒ	fire	fire		3.2.12.2		0		
142422	1010	Chinese (Mandarin)	yú	yú	fish	fish		2.2.5		0		1455
142423	1010	Chinese (Mandarin)	wǔ	wǔ	five	five		9.9		0		
142424	1010	Chinese (Mandarin)	píng	píng	flat, even	flat, even		7.1.5.1		0		707
142425	1010	Chinese (Mandarin)	piāo	piāo	float	float		6.6.1		0		2590
142426	1010	Chinese (Mandarin)	cāngyíng	cāngyíng	fly	fly	n	2.2.6		0		
142427	1010	Chinese (Mandarin)	wù	wù	fog	fog		3.2.1		0		
142428	1010	Chinese (Mandarin)	jiǎo	jiǎo	foot	foot		1.5.2		0		
142429	1010	Chinese (Mandarin)	wàngjì	wàngjì	forget	forget		8.3.1.16.1		0		
142430	1010	Chinese (Mandarin)	sì	sì	four	four		9.9		0		2409
142431	1010	Chinese (Mandarin)	qīngwā	qīngwā	frog	frog		2.1.6.2		0		
142432	1010	Chinese (Mandarin)	shuāng	shuāng	frost	frost		3.2.1		0		
142433	1010	Chinese (Mandarin)	shuǐguǒ	shuǐguǒ	fruit	fruit		3.1.5		0		
142434	1010	Chinese (Mandarin)	zhá	zhá	fry (deep-fry)	fry (deep-fry)		5.5		0		
142435	1010	Chinese (Mandarin)	mǎn	mǎn	full	full		1.1.3.2		0		
142436	1010	Chinese (Mandarin)	dé	dé	get, obtain	get, obtain		1.1.5		0		
142437	1010	Chinese (Mandarin)	gěi	gěi	give	give		6.23		0		
142438	1010	Chinese (Mandarin)	qù	qù	go	go		6.7.2		0		
142439	1010	Chinese (Mandarin)	xià	xià	go down, descend	go down, descend		6.7.2		0		
142440	1010	Chinese (Mandarin)	luó	luó	gong	gong		5.1		0		
142441	1010	Chinese (Mandarin)	hǎo	hǎo	good	good		9.6.1.1		0		
142442	1010	Chinese (Mandarin)	zǔfù	zǔfù	grandfather	grandfather		4.7.1		0		
142443	1010	Chinese (Mandarin)	zǔmǔ	zǔmǔ	grandmother	grandmother		4.7.1		0		
142444	1010	Chinese (Mandarin)	sūnzi	sūnzi	grandson	grandson		4.7.3		0		
142445	1010	Chinese (Mandarin)	lyù	lyù	green	green		9.4		0		
142446	1010	Chinese (Mandarin)	kèrén	kèrén	guest	guest		4.4.3		0		
142447	1010	Chinese (Mandarin)	huǒyào	huǒyào	gunpowder	gunpowder		5.15		0		
142448	1010	Chinese (Mandarin)	tóu◦fǎ	tóu◦fǎ	hair (on head)	hair (on head)		1.2.3		0		
142449	1010	Chinese (Mandarin)	shǒu	shǒu	hand	hand		1.5.1.1		0		731
142450	1010	Chinese (Mandarin)	yìng	yìng	hard, stiff	hard, stiff		9.6.2		0		
142451	1010	Chinese (Mandarin)	yǒu	yǒu	have, be (inan.)	have, be (inan.)		8.2		0		
142452	1010	Chinese (Mandarin)	lǎoyīng	lǎoyīng	hawk, eagle	hawk, eagle		2.2.4.1		0		
142453	1010	Chinese (Mandarin)	tóu	tóu	head	head		1.2.1		0		
142454	1010	Chinese (Mandarin)	xīn	xīn	heart	heart		1.7.1		0		66
142455	1010	Chinese (Mandarin)	zhòng	zhòng	heavy	heavy		9.6.2		0		
142456	1010	Chinese (Mandarin)	bào	bào	hold in arms	hold in arms		6.16		0		
142457	1010	Chinese (Mandarin)	dòng	dòng	hole	hole		3.2.7		0		822
142458	1010	Chinese (Mandarin)	tí	tí	hoof	hoof		1.5.4		0		
142459	1010	Chinese (Mandarin)	jiǎo	jiǎo	horn	horn		1.2.2		0		814
142460	1010	Chinese (Mandarin)	mǎ	mǎ	horse	horse		2.1.7		0		1431
142461	1010	Chinese (Mandarin)	rè	rè	hot (water)	hot (water)				0		
142462	1010	Chinese (Mandarin)	duóshǎo	duóshǎo	how many	how many		10.1		0		
142463	1010	Chinese (Mandarin)	bǎi	bǎi	hundred	hundred		9.9		0		
142464	1010	Chinese (Mandarin)	è	è	hungry	hungry		1.1.3		0		99
142465	1010	Chinese (Mandarin)	yǎo	yǎo	bite	bite		1.3.4.4		0		m
142466	1010	Chinese (Mandarin)	zhàng◦fū	zhàngfū	husband, man	husband, man		4.7.4		0	z	m,1635
142467	1010	Chinese (Mandarin)	cūkāng	cūkāng	husk	husk		3.1.2		0		
142468	1010	Chinese (Mandarin)	wǒ	wǒ	I	I		4.1		0		2530
142469	1010	Chinese (Mandarin)	qiánmiàn	qiánmiàn	in front	in front		10.1.1		0		
142470	1010	Chinese (Mandarin)	chóng	chóng	insect	insect		2.2.6		0		
142471	1010	Chinese (Mandarin)	tiě	tiě	iron	iron		3.2.4		0		
142472	1010	Chinese (Mandarin)	gōuqú	gōuqú	irrigation ditch	irrigation ditch		6.6		0		
142473	1010	Chinese (Mandarin)	yǎng	yǎng	itch	itch		1.6.5.5		0		m
142474	1010	Chinese (Mandarin)	tiào	tiào	jump	jump		6.7.8		0		
142475	1010	Chinese (Mandarin)	shā	shā	kill	kill		6.4		0		
142477	1010	Chinese (Mandarin)	hòu	hòu	later, in a while	later, in a while		9.1.5		0		
142478	1010	Chinese (Mandarin)	xiào	xiào	laugh	laugh		1.8.8.1		0		1780
142479	1010	Chinese (Mandarin)	lǎn	lǎn	lazy	lazy		9.6.2.2		0		
142480	1010	Chinese (Mandarin)	qiān	qiān	lead (by hand)	lead (by hand)		6.2.2.1		0		
142481	1010	Chinese (Mandarin)	zuǒ	zuǒ	left (hand)	left (hand)		1.5.3.2		0		
142482	1010	Chinese (Mandarin)	tuǐ	tuǐ	leg	leg		1.5.7		0		
142483	1010	Chinese (Mandarin)	bào	bào	leopard	leopard		2.1.3		0		
142484	1010	Chinese (Mandarin)	tiǎn	tiǎn	lick	lick		1.3.3.1		0		625
142485	1010	Chinese (Mandarin)	xǐhuā	xǐhuā	like, be friendly with	like, be friendly with		8.3.1.1.1		0		
142486	1010	Chinese (Mandarin)	jiǔ	jiǔ	liquor	liquor		3.1.6.3		0		2798
142487	1010	Chinese (Mandarin)	gān	gān	liver	liver		1.7.3		0		229
142488	1010	Chinese (Mandarin)	cháng	cháng	long	long		9.7.2		0		
142489	1010	Chinese (Mandarin)	kàn	kàn	look	look		1.2.6.11		0		1405
142490	1010	Chinese (Mandarin)	shīzi	shīzi	louse	louse		2.2.6		0		
142491	1010	Chinese (Mandarin)	fèi	fèi	lungs	lungs		1.7.2		0		
142492	1010	Chinese (Mandarin)	qū	qū	maggot	maggot		2.2.6		0		
142494	1010	Chinese (Mandarin)	jiùfù	jiùfù	maternal uncle	maternal uncle		4.7.1		0		
142495	1010	Chinese (Mandarin)	ròu	ròu	meat	meat		1.1.1.1		0		35
142496	1010	Chinese (Mandarin)	róng	róng	melt	melt		9.5		0		
142497	1010	Chinese (Mandarin)	hóuzi	hóuzi	monkey	monkey		2.1.9		0		
142498	1010	Chinese (Mandarin)	yuè◦liàng	yuèliàng	moon	moon		3.2.2		0		3577,m
142499	1010	Chinese (Mandarin)	zǎoshàng	zǎoshàng	morning	morning		9.1.4		0		
142500	1010	Chinese (Mandarin)	wénzi	wénzi	mosquito	mosquito		2.2.6		0		
142501	1010	Chinese (Mandarin)	wénzhàng	wénzhàng	mosquito net	mosquito net		2.2.6		0		
142502	1010	Chinese (Mandarin)	mǔ◦qīn	mǔqīn	mother	mother		4.7.1		0		1620,m
142503	1010	Chinese (Mandarin)	mógū	mógū	mushroom	mushroom		3.1.7		0		
142504	1010	Chinese (Mandarin)	míng◦zì	míngzì	name	name		5.8		0		2450,m
142505	1010	Chinese (Mandarin)	zhēn	zhēn	needle	needle		5.1		0		5398
142506	1010	Chinese (Mandarin)	xīn	xīn	new	new		9.6.1.1		0		
142507	1010	Chinese (Mandarin)	jiǔ	jiǔ	nine	nine		9.9		0		
142508	1010	Chinese (Mandarin)	bí◦zi	bí◦zi	nose	nose		1.2.8		0		810,s
142509	1010	Chinese (Mandarin)	bú	bú	not	not		1.5.3.2		0		
142510	1010	Chinese (Mandarin)	xiànzài	xiànzài	now	now		9.1.5		0		
142512	1010	Chinese (Mandarin)	lǎorén	lǎorén	old person	old person		7.1.8.3		0		
142513	1010	Chinese (Mandarin)	yī	yī	one	one		9.9		0		
142515	1010	Chinese (Mandarin)	kāi	kāi	open	open		6.2.2.6.1		0		3383
142516	1010	Chinese (Mandarin)	zhēng(yǎn)	zhēng(yǎn)	open (eyes)	open (eyes)		6.2.2.6.1		0		
142517	1010	Chinese (Mandarin)	biérén	biérén	other	other		8.1		0		
142518	1010	Chinese (Mandarin)	shuǐtǎ	shuǐtǎ	otter	otter		2.2.7.1		0		
142519	1010	Chinese (Mandarin)	wàimiàn	wàimiàn	outside	outside		9.2.7		0		
142520	1010	Chinese (Mandarin)	rén	rén	person	person		4.5		0		
142521	1010	Chinese (Mandarin)	hàn	hàn	perspiration	perspiration		1.8.1.1		0		
142522	1010	Chinese (Mandarin)	zhìjī	zhìjī	pheasant	pheasant		2.2.4.1		0		
142523	1010	Chinese (Mandarin)	zhū	zhū	pig	pig		2.1.12		0		
142524	1010	Chinese (Mandarin)	zhěntou	zhěntou	pillow	pillow		1.2.1		0		
142525	1010	Chinese (Mandarin)	lí	lí	plow	plow		6.11		0		
142526	1010	Chinese (Mandarin)	qióng	qióng	poor	poor		9.6.2.2		0		
142527	1010	Chinese (Mandarin)	guō	guō	pot	pot		5.5		0		
142528	1010	Chinese (Mandarin)	dào	dào	pour	pour		6.6		0		
142529	1010	Chinese (Mandarin)	lā	lā	pull	pull		6.2.2.3.1		0		
142530	1010	Chinese (Mandarin)	nánguā	nánguā	pumpkin	pumpkin		3.1.5		0		
142531	1010	Chinese (Mandarin)	fàng	fàng	put on, place	put on, place		6.17		0		
142532	1010	Chinese (Mandarin)	liáng	liáng	rafter	rafter		5.11.9		0		
142533	1010	Chinese (Mandarin)	yǔ	yǔ	rain	rain		3.2.1		0		2080
142534	1010	Chinese (Mandarin)	láo◦shǔ	láoshǔ	rat	rat		2.1.1		0		m,2796
142535	1010	Chinese (Mandarin)	hóng	hóng	red	red		9.4		0		
142537	1010	Chinese (Mandarin)	dàozi	dàozi	rice	rice		3.1.4		0		
142538	1010	Chinese (Mandarin)	qí	qí	ride	ride		6.2		0		
142539	1010	Chinese (Mandarin)	zhàn	zhàn	rise, stand up	rise, stand up		1.1.4		0		
142540	1010	Chinese (Mandarin)	hé	hé	river	river		3.2.3		0		
142541	1010	Chinese (Mandarin)	lù	lù	road	road		9.10.1		0		
142542	1010	Chinese (Mandarin)	gēn	gēn	root, base	root, base		3.1.2		0		
142543	1010	Chinese (Mandarin)	shéng◦zi	shéngzi	rope	rope		5.11.4		0		193,m
142544	1010	Chinese (Mandarin)	yán	yán	salt	salt		3.2.4		0		
142545	1010	Chinese (Mandarin)	xiézi	xiézi	sandals	sandals		5.11.8.1		0		
142546	1010	Chinese (Mandarin)	bǎo	bǎo	satisfied, full	satisfied, full		8.3.1.1.3		0		100
142547	1010	Chinese (Mandarin)	shuō	shuō	say	say		1.8.7		0		1755
142548	1010	Chinese (Mandarin)	tuī	tuī	push	push		6.2.2.3.1		0		
142549	1010	Chinese (Mandarin)	yǎo	yǎo	scoop up	scoop up		6.11		0		
142550	1010	Chinese (Mandarin)	kàn◦jiàn	kàn◦jiàn	see	see		1.2.6.10		0		1405,1229
142551	1010	Chinese (Mandarin)	zhǒngzi	zhǒngzi	seed	seed		3.1.4		0		
142552	1010	Chinese (Mandarin)	mài	mài	sell	sell		6.22		0		
142553	1010	Chinese (Mandarin)	qī	qī	seven	seven		9.9		0		
142554	1010	Chinese (Mandarin)	yǐngzi	yǐngzi	shadow	shadow		3.2.10		0		
142555	1010	Chinese (Mandarin)	lì	lì	sharp	sharp		6.9.2		0		
142556	1010	Chinese (Mandarin)	mó	mó	sharpen	sharpen		6.9.2		0		
142557	1010	Chinese (Mandarin)	mián◦yáng	miányáng	sheep	sheep		2.1.8		0		m,6028
142558	1010	Chinese (Mandarin)	duǎn	duǎn	short	short		9.7.2		0		7173
142559	1010	Chinese (Mandarin)	jiān◦bǎng	jiān◦bǎng	shoulder	shoulder		1.4.3		0		3393,1327
142560	1010	Chinese (Mandarin)	bìng	bìng	sick	sick		1.1.5.1		0		m
142561	1010	Chinese (Mandarin)	biān	biān	side	side		1.4.5		0		
142562	1010	Chinese (Mandarin)	jiějiě	jiějiě	elder sister	elder sister		4.7.1		0		
142563	1010	Chinese (Mandarin)	liù	liù	six	six		9.9		0		2621
142564	1010	Chinese (Mandarin)	shuì	shuì	sleep	sleep		1.1.4.1		0		
142565	1010	Chinese (Mandarin)	xiǎo	xiǎo	small	small		9.7.2		0		x
142566	1010	Chinese (Mandarin)	wén	wén	smell	smell		1.2.8.5		0		
142567	1010	Chinese (Mandarin)	shé	shé	snake	snake		2.1.6.1		0		
142568	1010	Chinese (Mandarin)	bí◦tì	bítì	snivel, mucus	snivel, mucus		1.8.8.2		0		810,298
142569	1010	Chinese (Mandarin)	jìn	jìn	soak	soak		6.6		0		
142570	1010	Chinese (Mandarin)	ruǎn	ruǎn	soft, small, tiny	soft, small, tiny		7.1.4.2		0		
142571	1010	Chinese (Mandarin)	érzi	érzi	son	son		4.7.3		0		
142572	1010	Chinese (Mandarin)	nyǔxù	nyǔxù	son-in-law	son-in-law		4.7.4		0		
142573	1010	Chinese (Mandarin)	línghún	línghún	soul	soul		1.10		0		
142574	1010	Chinese (Mandarin)	shēngyīn	shēngyīn	sound, voice	sound, voice		9.3		0		
142575	1010	Chinese (Mandarin)	suān	suān	sour	sour		7.1.4.4		0		
142576	1010	Chinese (Mandarin)	zhuǎn	zhuǎn	spin	spin		6.7.6		0		
142577	1010	Chinese (Mandarin)	xīngxīng	xīngxīng	star	star		3.2.2		0		
142578	1010	Chinese (Mandarin)	kāishǐ	kāishǐ	start	start		9.5		0		
142579	1010	Chinese (Mandarin)	tōu	tōu	steal	steal		6.2.2.1		0		
142580	1010	Chinese (Mandarin)	gùnzi	gùnzi	stick, switch	stick, switch		3.1.2		0		
142581	1010	Chinese (Mandarin)	zhē	zhē	sting, bite	sting, bite		2.4.2		0		
142582	1010	Chinese (Mandarin)	wèi	wèi	stomach	stomach		1.7.6		0		2112
142583	1010	Chinese (Mandarin)	shítou	shítou	stone	stone		3.2.9		0		
142584	1010	Chinese (Mandarin)	xiūxí	xiūxí	rest	rest		1.1.4.1		0		
142586	1010	Chinese (Mandarin)	lì◦qì	lì◦qì	strength	strength		1.1.5		0		695,m
142587	1010	Chinese (Mandarin)	sǎo	sǎo	sweep	sweep		6.2.2.5.3		0		
142588	1010	Chinese (Mandarin)	tián	tián	sweet	sweet		7.1.4.4		0		
142589	1010	Chinese (Mandarin)	yǐ◦ba	yǐ◦ba	tail	tail		1.4.10.1		0		
142590	1010	Chinese (Mandarin)	tuō	tuō	take off, undress	take off, undress		6.21		0		
142591	1010	Chinese (Mandarin)	gāo	gāo	tall	tall		9.7.2		0		
142592	1010	Chinese (Mandarin)	jiāo	jiāo	teach	teach		6.19		0		
142593	1010	Chinese (Mandarin)	yǎn◦lèi	yǎn◦lèi	tears	tears		1.2.6.7		0		m,187
142594	1010	Chinese (Mandarin)	shí	shí	ten	ten		9.9		0		
142595	1010	Chinese (Mandarin)	cǎo	cǎo	thatch grass	thatch grass		3.1.6.4		0		666
142596	1010	Chinese (Mandarin)	tāmen	tāmen	they	they		4.1		0		
142597	1010	Chinese (Mandarin)	hòu	hòu	thick	thick		9.7.2		0		
142598	1010	Chinese (Mandarin)	bó	bó	thin	thin		9.7.2		0		5551
142599	1010	Chinese (Mandarin)	shìqíng	shìqíng	thing	thing		8.1		0		
142600	1010	Chinese (Mandarin)	xiǎng?	xiǎng?	think of, love, hear	think of, love, hear		8.3.1.13.1		0		
142602	1010	Chinese (Mandarin)	qiān	qiān	thousand	thousand		9.9		0		
142603	1010	Chinese (Mandarin)	xiàn	xiàn	thread	thread		5.11.6		0		
142604	1010	Chinese (Mandarin)	sān	sān	three	three		9.9		0		2666
142605	1010	Chinese (Mandarin)	léi	léi	thunder	thunder		3.2.1		0		
142606	1010	Chinese (Mandarin)	kǔn	kǔn	tie	tie	v	6.13.1		0		
142607	1010	Chinese (Mandarin)	lǎohǔ	lǎohǔ	tiger	tiger		2.1.3		0		
142608	1010	Chinese (Mandarin)	míngtiān	míngtiān	tomorrow	tomorrow		9.1.3		0		
142609	1010	Chinese (Mandarin)	yá◦chǐ	yá◦chǐ	tooth	tooth		1.3.4		0		634,635
142610	1010	Chinese (Mandarin)	shù	shù	tree	tree		3.1.2		0		
142611	1010	Chinese (Mandarin)	húnzuó	húnzuó	turbid, muddy	turbid, muddy		6.6		0		
142612	1010	Chinese (Mandarin)	èr	èr	two	two		9.9		0		2504
142614	1010	Chinese (Mandarin)	yòng	yòng	use, spend	use, spend	v	6.2.2.7.1		0		5574
142615	1010	Chinese (Mandarin)	xǐng	xǐng	wake up	wake up		1.1.4		0	D1	2745
142616	1010	Chinese (Mandarin)	zǒu	zǒu	walk	walk		6.7.4		0		
142618	1010	Chinese (Mandarin)	nuǎn	nuǎn	warm	warm		7.1.2.3		0		
142619	1010	Chinese (Mandarin)	xǐ	xǐ	wash	wash	v	6.2.2.5.2		0		
142620	1010	Chinese (Mandarin)	shuǐ	shuǐ	water	water		3.2.3		0		
142621	1010	Chinese (Mandarin)	chuān	chuān	wear	wear		6.2.2.1		0		
142622	1010	Chinese (Mandarin)	shóu	shóu	well cooked	well cooked		9.6.1.1		0		
142623	1010	Chinese (Mandarin)	jǐng	jǐng	well, water source	well, water source		3.2.3		0		
142624	1010	Chinese (Mandarin)	xū	xū	whiskers	whiskers		1.2.5.5		0		
142626	1010	Chinese (Mandarin)	dàn	dàn	white, light	white, light		9.4		0		
142627	1010	Chinese (Mandarin)	shéi	shéi	who	who		10.5.3		0		
142628	1010	Chinese (Mandarin)	qīzi	qīzi	wife	wife		4.7.4		0		
142629	1010	Chinese (Mandarin)	yězhū	yězhū	wild boar	wild boar		3.2.5		0		
142631	1010	Chinese (Mandarin)	chì◦bǎng	chì◦bǎng	wing	wing		1.5.1.3		0		m,1327
142632	1010	Chinese (Mandarin)	bó	bó	winnow	winnow		3.1.10		0		2184
142633	1010	Chinese (Mandarin)	cā	cā	wipe	wipe		6.2.2.1		0		
142634	1010	Chinese (Mandarin)	zì	zì	word	word		8.5.10.2		0		
142635	1010	Chinese (Mandarin)	láodòng	láodòng	work	work		6.1.1		0		
142636	1010	Chinese (Mandarin)	xiě	xiě	write	write		6.2.2.9.1		0		
142637	1010	Chinese (Mandarin)	nián	nián	year	year		9.1.2		0		
142638	1010	Chinese (Mandarin)	jīnzi	jīnzi	gold	gold		3.2.4		0		
142639	1010	Chinese (Mandarin)	zuótiąn	zuótiąn	yesterday	yesterday		9.1.3		0		
142640	1010	Chinese (Mandarin)	nǐ	nǐ	you (sing.)	you (sing.)		4.1		0		
142641	1010	Chinese (Mandarin)	niánqīng nán	niánqīng nán	youngster	youngster		4.2.11		0		
142642	1010	Chinese (Mandarin)	pà	pà	afraid	afraid		7.1.1		0		
142643	1010	Chinese (Mandarin)	wǎn	wǎn	bowl	bowl		5.1		0	D1	
142644	1010	Chinese (Mandarin)	biàn◦zi	biàn◦zi	braid	braid		1.2.3.2		0	D1	2018,s
142645	1010	Chinese (Mandarin)	bù	bù	cloth	cloth		5.1		0	D1	
142646	1010	Chinese (Mandarin)	lěng	lěng	cold (of objects)	cold (of objects)		7.1.2.3		0		
142647	1010	Chinese (Mandarin)	lěng	lěng	cold	cold		7.1.2.3		0	D1	
142648	1010	Chinese (Mandarin)	mùbǎn	mùbǎn	board	board	n	5.11.9		0		
142649	1010	Chinese (Mandarin)	zhuā	zhuā	catch	catch	v	6.21		0		
142650	1010	Chinese (Mandarin)	lián◦jiē	liánjiē	connect	connect		6.13.3		0		2603,m
142651	1010	Chinese (Mandarin)	gān	gān	dry	dry		6.6		0	D1	120
142652	1010	Chinese (Mandarin)	shài	shài	dry in sun	dry in sun		6.6		0		
142653	1010	Chinese (Mandarin)	xiàmian	xiàmian	below	below		9.2.2		0	D1	
142654	1010	Chinese (Mandarin)	chuī	chuī	blow (of wind)	blow (of wind)		1.3.1.4		0		1739
142655	1010	Chinese (Mandarin)	gēge	gēge	elder brother	elder brother		4.7.1		0	D1	
142656	1010	Chinese (Mandarin)	dìdi	dìdi	younger brother	younger brother				0		
142657	1010	Chinese (Mandarin)	lián◦jie	liánjie	build, join	build, join		6.14		0		2603,m
142658	1010	Chinese (Mandarin)	báicái	báicái	cabbage	cabbage		3.1.5.1		0	D1	
142659	1010	Chinese (Mandarin)	tái	tái	carry on a pole	carry on a pole		6.2.2.2.1		0	D1	
142660	1010	Chinese (Mandarin)	biàn	biàn	change, become	change, become		9.5		0	D1	
142661	1010	Chinese (Mandarin)	piányi	piányi	cheap	cheap		5.9		0	D1	
142662	1010	Chinese (Mandarin)	wō	wō	nest	nest		2.2.4		0	D1	
142663	1010	Chinese (Mandarin)	pá	pá	climb up, up	climb up, up		9.2.1		0	D1	
142664	1010	Chinese (Mandarin)	bái	bái	white	white		9.4		0	D1	1230
142665	1010	Chinese (Mandarin)	fēng	fēng	wind	wind	n	3.2.1		0	D1	6128
142666	1010	Chinese (Mandarin)	yào	yào	want to	want to		8.3.1.14.3		0	D1	
142667	1010	Chinese (Mandarin)	huán	huán	return	return		6.2.2.1		0	D1	
142668	1010	Chinese (Mandarin)	yuán	yuán	kind of coin	kind of coin		8.3.3.2.1		0	D1	
142669	1010	Chinese (Mandarin)	duò	duò	mashed, pulpy, chop, mince	mashed, pulpy, chop, mince		7.1.5.1		0	D1	
142670	1010	Chinese (Mandarin)	lǎo	lǎo	old	old		7.1.8.3		0	D1	
142671	1010	Chinese (Mandarin)	zìjǐ	zìjǐ	oneself	oneself		4.1		0	D1	
142672	1010	Chinese (Mandarin)	màozi	màozi	straw hat	straw hat		3.1.6.2		0	D1	
142673	1010	Chinese (Mandarin)	kǔn	kǔn	tie	tie		6.13.1		0		
142674	1010	Chinese (Mandarin)	shàngmiàn	shàngmiàn	upside	upside				0	D1	
142675	1010	Chinese (Mandarin)	máyǐ	máyǐ	ant	ant		2.2.6		0	D1	
142676	1010	Chinese (Mandarin)	bí◦zi	bí◦zi	nose	nose		1.2.8		0		810,s
