url	status	bytes	sha256	seconds
https://stedtdb.johnblowe.com/	200	5957	0ded2d40f5821b7b2d421da3310aeeca600d48b62f3f5d6e1532d328f28f9b8f	0.48
https://stedtdb.johnblowe.com/gnis	200	9294	a855a48c3ae403c6489faab20f1eaed144cef1ef96b3ece2093e24ea7cce9488	0.44
https://stedtdb.johnblowe.com/chapters	200	155598	759856d6a58947e4685ce2218d047013f1141af21793c9db9574ab530391d2e6	0.89
https://stedtdb.johnblowe.com/source	200	79193	5b319cc3de3139d19803ef95f48f59b29046d3fc5d08c0f8ad621d1890897225	2.95
https://stedtdb.johnblowe.com/etymon/4	200	25163	6db7385d22f49ad1198a62fff6a191335b3e223ca17b1cbe5e5911168ef92119	0.57
https://stedtdb.johnblowe.com/etymon/8	200	18225	8f79f153c1a5806f3de41bc2a73a8c4c6ea79983aec6477dd323303b501bf248	0.57
https://stedtdb.johnblowe.com/etymon/14	200	16613	eaa3562a27f033cfb2998e602c51de30fdfa4458f1b93ba407a1ba1aa5400412	0.54
https://stedtdb.johnblowe.com/etymon/17	200	46827	75d7a4a31bd8ad60f95a23305df506c5df5b8f6f07b20d823123aa4a7b0a6210	0.67
https://stedtdb.johnblowe.com/etymon/18	200	25807	604745404b88162e3b55f80ebbdc0e8f7fd6b2274de2d0c0c3e2d210bbcbd9f9	0.54
https://stedtdb.johnblowe.com/etymon/19	200	19224	41739cb8c051640ae9a8bf22f8d0e1bec67009f64e2250db1552902ee6b5311b	0.58
https://stedtdb.johnblowe.com/etymon/20	200	13441	aaceddd1681cfe59e67ed237d6c9cae3111332de8ac26573dfc11036451b60a2	0.48
https://stedtdb.johnblowe.com/etymon/27	200	151951	d2055e2a688777513613278c49a3938cc43eceb2a53c92206d6d19e274e22524	0.80
https://stedtdb.johnblowe.com/etymon/30	200	10091	052dd81d2ceea35584f695c42ce8a4f699799001aa1f193665dedead60081cbc	0.46
https://stedtdb.johnblowe.com/etymon/31	200	49753	7584e5db21e41ff19ec9bbb0f15cd8d6a19734cdc3cec2cbad865f2e87244637	0.62
https://stedtdb.johnblowe.com/etymon/32	200	163134	f90dbdebddbfb16ab980554a272a5897835275be2c35bb5f71471a61083bd484	0.79
https://stedtdb.johnblowe.com/etymon/33	200	17224	c23e419cebd76117447c4cb6df5fc3e102c736e19d51604e81ef645e72d69838	0.53
https://stedtdb.johnblowe.com/etymon/34	200	299760	cd55c612d3452ccff3443c3d048940a836b151d2b33cd1a999d71d017c828cfb	0.91
https://stedtdb.johnblowe.com/etymon/39	200	31499	e82ab932b873301d5b57b0bc951d5acac31e05e2a9f57b9b176fc6f2ac780a8e	0.57
https://stedtdb.johnblowe.com/etymon/40	200	19563	4a88cad7a6fae6c46c089ed3fd7853d700d099e0459c36f33fbeb2f55a6a7b41	0.55
https://stedtdb.johnblowe.com/etymon/41	200	10186	fc273d8ad590f7d51fbde2f08fc620a69290b8f792f31e08fa81b50ceb39acd7	0.47
https://stedtdb.johnblowe.com/etymon/42	200	80586	e643b1f06e1eadac177599681a3e93e21042c41bee4b9a7f5707f2fd81a60359	0.66
https://stedtdb.johnblowe.com/etymon/43	200	13445	40b162fe2a6a317719872dac2ccc80f20435efad7ca53146cf260e2049c31d89	0.48
https://stedtdb.johnblowe.com/etymon/44	200	14443	8682306a5258449b187c650fe83fc9119d2364a9ab9c4eec8048c5eeab257b80	0.48
https://stedtdb.johnblowe.com/etymon/48	200	41402	b7a38ab9aecaea3a4c3983b391f7a447fb09a504876605dc4a307153f1103eca	0.57
https://stedtdb.johnblowe.com/etymon/60	200	51834	a501cc6baaf2f529e9c9d353434f0514aa430981b78217c11b84363f645bead7	0.64
https://stedtdb.johnblowe.com/etymon/65	200	12998	5f0af82ebe4b07e8837bd87a043f7259596293795fc8c5c03cfbf14c517f5a4d	0.45
https://stedtdb.johnblowe.com/etymon/67	200	13587	7a0857012432782964ed5d475c85a1d07d15aca08239a06ec63354d02734e620	0.46
https://stedtdb.johnblowe.com/etymon/69	200	13658	bd27d5c84b11f982223af03a085604e7acd427fc3712b791dbaa831cdd7a676f	0.48
https://stedtdb.johnblowe.com/etymon/71	200	53399	527ea582c6fbdbde43330bb5936ad8832329ccff22cd2db64cee21f5995a0004	0.66
https://stedtdb.johnblowe.com/etymon/85	200	243018	d9718417c2fdffb49ce91ae72c228e5d8202659596251c93a79757d7f72bdd27	0.92
https://stedtdb.johnblowe.com/etymon/96	200	8298	287082d74a18d8db26aa075aafc4326267292b9d871aea2c937823ff38fa196b	0.46
https://stedtdb.johnblowe.com/etymon/98	200	10801	a9838b4ce2ba5165efeb2ecc6c9febe9efa465b1164ba4cfe5e101338f16ae57	0.48
https://stedtdb.johnblowe.com/etymon/126	200	143510	15962ac934b1f1ae492f41aa79920c9823ecc91dec1a4a7419c320c19cfa4e27	0.79
https://stedtdb.johnblowe.com/etymon/127	200	181962	d830ebff8582f0195512c88334cd920accc0e3126dbd8fe82c10140d4021303f	0.87
https://stedtdb.johnblowe.com/etymon/153	200	8730	c3b7e1b729b474cdcad2cdb9ae12d9a5b35488db6e20ec9d3cc264a81477831d	0.47
https://stedtdb.johnblowe.com/etymon/176	200	9273	03c296530f5779a651fca3d8766d2ea24a73e14d476da74ee565c606e8c73385	0.49
https://stedtdb.johnblowe.com/etymon/187	200	29702	42a625f94cd1f8b12a0044603f60973362a15165b9e5053142263c21d966b682	0.57
https://stedtdb.johnblowe.com/etymon/191	200	43927	dd03259e226bf193af7acc209535ba9fd1b1270b178b89f442e08154591f6b41	0.56
https://stedtdb.johnblowe.com/etymon/201	200	53272	d74d6aa7775be53c82274b77c5f4ceb5af02cd0c6dca52db1d5cad3e781ccb20	0.65
https://stedtdb.johnblowe.com/etymon/206	200	16186	2d83363fd04a7acfb7c368c53c98cc98d7cb60144b77408fc9c0e69265ac0f59	0.53
https://stedtdb.johnblowe.com/etymon/209	200	26002	d28103c37ce2d704e43137d2d4c29649dc9f1252789874f8c377c3cc4aecd2c3	0.56
https://stedtdb.johnblowe.com/etymon/230	200	210374	d334f7fca0440798804e14ccecb14f87a3e8a85d077260a5a4c84cf6b5a3b548	0.77
https://stedtdb.johnblowe.com/etymon/232	200	182701	764d3438bda14ab374da5b131113b879cd5091bd141e07c5ab70c98db6b3825a	0.80
https://stedtdb.johnblowe.com/etymon/243	200	54837	e4c3adfb4303be1b98c3d9eb27507f5546a18a6164a32e8ebff83e1720b8f151	0.66
https://stedtdb.johnblowe.com/etymon/274	200	12509	92a2e9fa5331ccf4f84677b20d33167c61b6d36ec19573454e5206b970c56a43	0.47
https://stedtdb.johnblowe.com/etymon/281	200	9244	514c345c4822d35726ac4037d126eb6636d524da52bfa68cacf25913c1df7cc3	0.46
https://stedtdb.johnblowe.com/etymon/298	200	117369	d002920530178b6c2f2e427433ee1fbdffd8a8a7473d06389f028b28ddb931d3	0.77
https://stedtdb.johnblowe.com/etymon/302	200	15088	5b73c4a42d07bd25fa4f50b10f9724247ada80ee9e111571fcad07b846046a0b	0.47
https://stedtdb.johnblowe.com/etymon/303	200	29101	7a10c434f6a7a8a259a07968acbf4dab9f14a7c8b758e7009b7b8b7253f7e36f	0.54
https://stedtdb.johnblowe.com/etymon/358	200	21662	941521967ffc929731bd48691e1eb2ed516adaeda7e953af454168874176e7e6	0.56
https://stedtdb.johnblowe.com/etymon/360	200	9330	0a6aa5b0ddc84cd239916d0d7350fc4261b68d4404b2c50ed6d0aa75e4460072	0.48
https://stedtdb.johnblowe.com/etymon/363	200	249395	a7072fd40b26d40c6cf074a3840cc918a64f3d4194046f169e965489a4c3e4e2	0.94
https://stedtdb.johnblowe.com/etymon/366	200	152623	c7d3f22d4d4e170c3a76c44f99d4bb36a75f843bba2774d280b9f63bbf57c862	0.82
https://stedtdb.johnblowe.com/etymon/376	200	8886	2d0a1aa08e15a87f373c4008156b0d49db64f0c40e945545aa8448f5b2bf720f	0.47
https://stedtdb.johnblowe.com/etymon/379	200	21516	931ab87ab914a3486886d5f8540b973762e56383cc52e86bc6a936d69e3aa38e	0.57
https://stedtdb.johnblowe.com/etymon/385	200	176797	09003a670fabf5abf78f5b4a71619adcbb0409df54c7f4bd889f7d3247b9d1ad	0.82
https://stedtdb.johnblowe.com/etymon/397	200	9177	e05df5c0e62758e990885746e7efda5fda63117ba648fcab068d64eb1b177907	0.48
https://stedtdb.johnblowe.com/etymon/398	200	19335	a6121fc3e0a47f5c3f1c78cb922463ea259f5a944c8c1d51e81256b64f0a0d12	0.52
https://stedtdb.johnblowe.com/etymon/422	200	10147	337e28754ec2e200fccbe3e18eabb654f1d097a9596bb587b7bc4b85ef1ba135	0.47
https://stedtdb.johnblowe.com/etymon/426	200	9124	e7824bba978c9d001149a339149e189d07f0f4b7c0d2767afdb493f8b9068fb7	0.49
https://stedtdb.johnblowe.com/etymon/428	200	8064	6123b260448da473a55bf20f2f17044934851b9b175ad3a8c1e991e6a79d0fe5	0.48
https://stedtdb.johnblowe.com/etymon/436	200	34893	1790c398647ab4e7ccede0d65d45fad02f091d92a5480130b9ca1c50627dd774	0.58
https://stedtdb.johnblowe.com/etymon/444	200	12754	3b2d2be85dfa853a7712f3a12b85edd38bf8d5908b0cde3bf808605058ca6557	0.47
https://stedtdb.johnblowe.com/etymon/477	200	19993	ad73977e42c67b0db33c6747f3eb4ea08481d856df9be8d80ad69e6785ec6247	0.53
https://stedtdb.johnblowe.com/etymon/482	200	8077	51c9d12efc5023dae3b14851bc21209384dbe1177290e012c335e192b7d514f4	0.49
https://stedtdb.johnblowe.com/etymon/489	200	30070	1f7a5facd300f1f543b7db9bbe36cf3e6c211921657b01e4f3fccb159763e29f	0.56
https://stedtdb.johnblowe.com/etymon/494	200	16584	79d7fdf93aece1efbb5ca99e32f49a1476ec02624a1df0994bf8ffea902ff1f6	0.57
https://stedtdb.johnblowe.com/etymon/512	200	66533	2cfad73c980517ca80904805be52c0429732a855accbf4a9cce7528041556caf	0.64
https://stedtdb.johnblowe.com/etymon/518	200	13354	ca796c9ad27d5458b34614576d89b7371316ad243e3fb8f4c14ec858362c2379	0.48
https://stedtdb.johnblowe.com/etymon/535	200	26245	3a4f508a4c2d9bc8d0d01f778067f57929b30c4795a7b8741137ddd295196c10	0.59
https://stedtdb.johnblowe.com/etymon/561	200	16380	18898651184ad5cb6da3e9e6a39fcbd87d6e46b6e5e7d94120179b048f22db1f	0.58
https://stedtdb.johnblowe.com/etymon/572	200	215944	afbed3d243f8300695ae93dbba2919bce3cbf2ba3acf3159c25839f9935a6249	0.83
https://stedtdb.johnblowe.com/etymon/621	200	118765	b14ddb5ebc19a1079b48676bbb31e1cf4728535fbbea5e518155888b3b191edc	0.74
https://stedtdb.johnblowe.com/etymon/632	200	169648	dd1ca67fb3e4cdb030b46ac15f73087fb633a93fa4eab894d3af19daebbe45b1	0.79
https://stedtdb.johnblowe.com/etymon/634	200	22370	5c2189ef32c5378d46bc9adb6de56ccae928462295c4411d17bad489976061f3	0.55
https://stedtdb.johnblowe.com/etymon/650	200	130143	62e734e6e3c7b5f31384a3f701db8c96426fda61778715874097b1484c23c8b4	0.75
https://stedtdb.johnblowe.com/etymon/652	200	18534	c75dd5a6df5d3afd2d4f1e04d5ccf8e5664c222b99ff31e92ff65eb2f95d9ab4	0.57
https://stedtdb.johnblowe.com/etymon/667	200	13643	abe42dc4e6d34a749be1ca504bc471ded603d4b7c85b1878046ff8d9fdc28c16	0.49
https://stedtdb.johnblowe.com/etymon/674	200	10418	1df32c9fe48d6ba6e577b6a5f6ce0e439937c4092240ea07455480659c2c0ce4	0.50
https://stedtdb.johnblowe.com/etymon/677	200	13539	a4c3c72a67cb03929a5c8ace537f45414a2306a86e78ee00740da91b45bd59fe	0.46
https://stedtdb.johnblowe.com/etymon/681	200	245532	2cf11c860b9fc999a4d6f677d7687c33eb16a60f8a464e8f37056fa488f1a483	0.90
https://stedtdb.johnblowe.com/etymon/682	200	301701	0ad895e23557e9f9725d5b5662fb81ab00e705fdc287aa2c744e0bf779bddf15	0.96
https://stedtdb.johnblowe.com/etymon/689	200	8085	3a0d997b9b95e4ebf443268c7db69d6ebf2aea64876f0d20942b367d1630f666	0.48
https://stedtdb.johnblowe.com/etymon/692	200	49376	4296423d112b0f821ae78d8657c4820d3512d20d075ab8ff8d80cfca79345725	0.65
https://stedtdb.johnblowe.com/etymon/695	200	448098	d95bd34216a8125df794f090fa2c0a0dc62b94e2ba3161d07f22777477a816fd	1.05
https://stedtdb.johnblowe.com/etymon/700	200	22286	2786050704e58abd90f0c18236b2703518bd18e94eef64b1f29e09b2eb60e64c	0.56
https://stedtdb.johnblowe.com/etymon/702	200	19192	f11ef0eecc67ab52776004192e08a325371b3eb5a2ba3133138d6b8e5e64625d	0.57
https://stedtdb.johnblowe.com/etymon/707	200	18065	3d64463226f957d6cb71e8fd2333fb6b7d4967243d87d71ed16bc32b0e97eeb6	0.54
https://stedtdb.johnblowe.com/etymon/753	200	8878	2adbf3dccb4b1744b1d60647e6653ad5f86c5271efc21c1e9cdfbc349c744338	0.45
https://stedtdb.johnblowe.com/etymon/776	200	26863	21c0b08e2c6555833311400a0201c94109c78952f6f4d5e50eb7048805e02c12	0.55
https://stedtdb.johnblowe.com/etymon/803	200	242987	30e5cc823be6aed832ff24a47dc870ef17f2d3c6ebb658970fc3aa59aa19b655	0.88
https://stedtdb.johnblowe.com/etymon/811	200	292524	1e80d0a88ffde00ce2a598d3c827529bd8da1dfa5e2b7c44924e80c48e310d4b	0.89
https://stedtdb.johnblowe.com/etymon/814	200	62572	b2d27bc5390a2c72c5d22129e90cda5e64a8eafd378cd5d51d482bd97f7f1f6a	0.63
https://stedtdb.johnblowe.com/etymon/816	200	21288	fc205fabe5b5147c2241f533f30067c0d96238aa367ed7a102eb497b9515e88b	0.57
https://stedtdb.johnblowe.com/etymon/1006	200	247317	b76ae88ea8dd8418107557a5c870db4ef60519c69407aefeb1133f2768dcfd04	0.88
https://stedtdb.johnblowe.com/etymon/1016	200	188396	0371aba7ac578b80d7d803eb8adb1fa713b5fa799842ec311cf2df3d356b0a9e	0.82
https://stedtdb.johnblowe.com/etymon/1018	200	70828	3a75da63cf6462bdc61a614df21e638ae7e1987f8cfe32d37975d9e84ff8d6d9	0.64
https://stedtdb.johnblowe.com/etymon/1019	200	132204	50a3f8e67926dae8f58d127473a136655f3c376553846d0f49e7453063ab957b	0.78
https://stedtdb.johnblowe.com/etymon/1126	200	14317	7dd00fa45d040a74fd12839e61303cb9bfe5a65843d1f99ced21772786fbeb07	0.48
https://stedtdb.johnblowe.com/etymon/1145	200	97228	7bf430a6997d8bce64e5792c4667d0aaa57d77c7d9940069a4290c3ce9a1ec84	0.69
https://stedtdb.johnblowe.com/etymon/1212	200	16377	ef94f20f591824325785d61fd253c58c4b3144bc24b006e138cfd8e955e81610	0.58
https://stedtdb.johnblowe.com/etymon/1213	200	11852	28b9889e4b6ea83d60f57910c245daab620b7f9374e51a44db898625dcfd93e2	0.49
https://stedtdb.johnblowe.com/etymon/1217	200	10306	dd3b86e1354a0c68c0982313fc4d72caef5f8640f370a91ed9e0d0ec40a38dd9	0.46
https://stedtdb.johnblowe.com/etymon/1255	200	13503	7a8e1a8a702217e4e8c8f95e065be208068714894cbcd880a687a07e35892a7e	0.49
https://stedtdb.johnblowe.com/etymon/1269	200	153508	c2e4e75bb34a1d041e41f93a498dcd5defe49a342b77e382380d3afdb7e9f873	0.75
https://stedtdb.johnblowe.com/etymon/1285	200	10939	6feb70dc896bc14c28bf519297a259561eac30804545903114c6e68edf1e6f2a	0.48
https://stedtdb.johnblowe.com/etymon/1288	200	142080	3072829beda90760a7ff9dd453b55fd9ed329d600f58d9a8512de2be83f8432e	0.79
https://stedtdb.johnblowe.com/etymon/1289	200	22553	2a4071fa9a98b7fab178d5a260c4de7ddeaebad926ccf7c7c39cdcfd1425995d	0.55
https://stedtdb.johnblowe.com/etymon/1293	200	16912	246e26002697d345a1381e51c9d96edf5717e6d08fc7d86d279bdb838563e5fa	0.54
https://stedtdb.johnblowe.com/etymon/1306	200	136522	a839ccd7d5e8944721b96d120f989af3a7962f487f55b59df65730b01a45b346	0.74
https://stedtdb.johnblowe.com/etymon/1390	200	137796	a6ce87902d765749b0ae07a05e0339c051f4e029cceab7a348fc5c6e8351bf86	0.80
https://stedtdb.johnblowe.com/etymon/1415	200	140602	e16d8730e5ac394b1a7544a3749a8cd77b8d215f165d0d1c6a1919994865f91d	0.77
https://stedtdb.johnblowe.com/etymon/1417	200	12483	cc53fce174f37eff7245c0e24a1da3f06eed2c6f35116c8c3e702cf1dad68d8e	0.48
https://stedtdb.johnblowe.com/etymon/1431	200	155515	a9f51b847683ebbd307969d14d4118321bd41577b764ac4aaea111c953bdfea6	0.75
https://stedtdb.johnblowe.com/etymon/1438	200	9053	d63b29cd3c69c321b66f71715494de7747f8238ac713e2c7a3078b9430c822a0	0.49
https://stedtdb.johnblowe.com/etymon/1455	200	148090	c00c07852bcd50aa11399c31940ea31505fc36967f6da721d3bfabb42ea03336	0.74
https://stedtdb.johnblowe.com/etymon/1470	200	37632	6e3164cf5cd3e2640bd485be1758dac9618970fae8bebcc63582e255984e5985	0.57
https://stedtdb.johnblowe.com/etymon/1603	200	141912	bc7daec62b067f05331b167eed5690c3c6da3a1d6a54bd52208991726c270b77	0.78
https://stedtdb.johnblowe.com/etymon/1606	200	148656	b71e8394af818949b21c4831a4c00441b584ea71fa7092757e0a8dc207f645ab	0.79
https://stedtdb.johnblowe.com/etymon/1611	200	24540	944e752534c802fdcbc077316b4d29e609d411581f788379a30dd5dde5ebc482	0.57
https://stedtdb.johnblowe.com/etymon/1619	200	50789	14a74fc0534934cdcf96e9b5bf3fff80d337f774b113cf53ca66ea5c9170da02	0.65
https://stedtdb.johnblowe.com/etymon/1623	200	15090	f8efb8cdfdfe177ac6ab524984fc1908c606f613233d4e48638c9b6c95e2a61d	0.46
https://stedtdb.johnblowe.com/etymon/1624	200	24184	273035efd56f937e7046e7c9b1d62198a4583e522035f74bbf062a766f42ef21	0.54
https://stedtdb.johnblowe.com/etymon/1632	200	10499	6cf598cbaf63f59ac23cbb0a84fb2c4a1a1bb9fc31df6dea27eeb9c6d4a4c8c9	0.45
https://stedtdb.johnblowe.com/etymon/1634	200	44384	003414285cc565024780a9b0e3a96bc20d98610b81e4861a5f6e1ae126e1c9e6	0.58
https://stedtdb.johnblowe.com/etymon/1705	200	19347	cfd76114908dd9d1629042fc0930dfe9ca9ab9900f419df544090f3a271f9684	0.56
https://stedtdb.johnblowe.com/etymon/1733	200	31612	cf134eb9d4ea3060360f29a2560fe7541b07561c3d02ba11283ea62bbb80d108	0.57
https://stedtdb.johnblowe.com/etymon/1735	200	9171	05b1b50841d199f4bf0ad9ebb6733dbd62026ab745588cf5f3c4a4bc3d99268c	0.45
https://stedtdb.johnblowe.com/etymon/1764	200	191639	dabad8e8371c8b59dce42abe1fc033e7e0f127cb389c323cfbe8c659f942a6f1	0.82
https://stedtdb.johnblowe.com/etymon/1772	200	14034	0d8443c4a15b5726d70f97ce8fe9cf62acb3adffcd63dfe998e0fcc5070cb0e5	0.49
https://stedtdb.johnblowe.com/etymon/1788	200	23654	50cc80262cf5b1611852da28b091d3a99099364a840bbb599d1eb79413911d05	0.57
https://stedtdb.johnblowe.com/etymon/1821	200	8586	4ba2b8919b3057f2672fd79d851ad27518c4fd203a87343933660695d00817bd	0.44
https://stedtdb.johnblowe.com/etymon/1859	200	9032	bfe30acd9a09d4bfc88fad7a753bd2bf96c6cabbb99506fe15ca48212c2c7b1b	0.47
https://stedtdb.johnblowe.com/etymon/1902	200	29968	d50f50f9e1bbe80b3d34375fdf15f9fb9bb04750a8caf120cddb4783203d70d6	0.58
https://stedtdb.johnblowe.com/etymon/2005	200	9173	c55665d334b5b731ed0fb17a1a4b48ef3f9433ce580ad3e5fcdf3b1fc131988d	0.47
https://stedtdb.johnblowe.com/etymon/2060	200	25948	4243c6fa6e49d3d40cc301946dff177521ce946d5afebb295154304f7bb9318d	0.57
https://stedtdb.johnblowe.com/etymon/2067	200	27566	99f6067dae9b6d2baebb1c0621f0cb68de8d9cb196084efe54391c9a651c0028	0.54
https://stedtdb.johnblowe.com/etymon/2070	200	34585	c5d20a1a36520a7496fa75c117b41bd26757a24d557f28068e566cc67e0f77b0	0.57
https://stedtdb.johnblowe.com/etymon/2073	200	9546	39965b48f79847d43e3177fca20351c650b0f9ecbfbbb805ea1aa934686b80b3	0.46
https://stedtdb.johnblowe.com/etymon/2088	200	10903	ce435e833b6f3952550433c4a34a62d5252a935a096e028bebed60bf94b955c0	0.48
https://stedtdb.johnblowe.com/etymon/2106	200	21784	ca3eaf1cf4c1372d83dfdeff3db6eceda064ba3fab2961171d39f638446642fd	0.57
https://stedtdb.johnblowe.com/etymon/2118	200	27221	81ee01eca19e0d70769276925f80d1d51f80487842b1ce3d34209b8e95699f74	0.55
https://stedtdb.johnblowe.com/etymon/2130	200	11206	074634091049e6dc77c0c77b159b816ae7c1144b768944c9212761b6a4d20d64	0.46
https://stedtdb.johnblowe.com/etymon/2136	200	139194	e3486e6351bd1bdf55f104a2068e87c75f5f482ff1285e2ceb801b3d2eb0f478	0.80
https://stedtdb.johnblowe.com/etymon/2143	200	12923	982c90b9a9954ea4076d9de62ed2783f698b27bb0bdb3aff1d0900aa15699ab2	0.47
https://stedtdb.johnblowe.com/etymon/2159	200	19619	0ee3df42f1a180a7613daa551f5638d41493362579152ac293c15ab302611a52	0.56
https://stedtdb.johnblowe.com/etymon/2193	200	10686	4f23ab831c234633ba55874cefc66b216a5aac3294277abfd3102318aa6765e3	0.48
https://stedtdb.johnblowe.com/etymon/2197	200	10814	6a7c94f271e1f78cc2d68133ae05a41747de385968bab825221278eb0252f88c	0.48
https://stedtdb.johnblowe.com/etymon/2256	200	46160	176fbe616e4bc6fd63b12338c54e3897423df1a89e7ceac935fac2a7b49f1750	0.64
https://stedtdb.johnblowe.com/etymon/2265	200	9878	55904b4735146ad354a53dfec577e9b375fb428ed0249df3995e7a1247b22ebe	0.48
https://stedtdb.johnblowe.com/etymon/2304	200	22828	bf3fe648b5640b6907035cccae93a2a829b9a6967ae87d8a6a9306f63e6bfeeb	0.57
https://stedtdb.johnblowe.com/etymon/2316	200	33589	9d517a61673a54c38f854a0071e229e3f4d4f5134b25fbdb12bfddbe2e3c6214	0.57
https://stedtdb.johnblowe.com/etymon/2337	200	17041	2ea37642a4af4ea60f1b3b0169d4e1ffbd1998c11194041daa6acdfb63783f83	0.57
https://stedtdb.johnblowe.com/etymon/2355	200	45157	b4e43f08770d856188dea57bdd96bd28cc3c5544c89db6f1c8e95353662cee8d	0.67
https://stedtdb.johnblowe.com/etymon/2400	200	14608	f92a43cb96b8b8e8ffe0d0d426ee6453e2c5926e4e8d262667481bfc7df28afd	0.48
https://stedtdb.johnblowe.com/etymon/2408	200	19652	dd9b78c42c86641f3f5a531fe7a435cba32381b419361d40586b17221f0919b7	0.53
https://stedtdb.johnblowe.com/etymon/2409	200	154932	7ec0e3dd36dac7145aa42bcf1ad8eb0a13e94ceeaf23f8293e0199db279fccb6	0.74
https://stedtdb.johnblowe.com/etymon/2417	200	22720	b89a293ba9b0c62f7aac296a163a3ed0528d12417b0f9f932c2412288ad58a60	0.55
https://stedtdb.johnblowe.com/etymon/2428	200	13275	35c03f54226251cee9094dc44b6f017521242811c09420bfd9104459309e9267	0.48
https://stedtdb.johnblowe.com/etymon/2436	200	135721	1d16e86f9a4979baebb5cfb76d309e547647fcd2272b42bad4d826aec01ba789	0.78
https://stedtdb.johnblowe.com/etymon/2440	200	58129	db70fb62e1c5530dfd0d8d2e3fdd05cddf94bf635340110a22b4b502b41d761e	0.65
https://stedtdb.johnblowe.com/etymon/2465	200	41197	f6631a4717b67e1aab3bb30964f5bcabf163e44c3244f1a4078b79d83e3ae765	0.62
https://stedtdb.johnblowe.com/etymon/2473	200	209630	30d952d177d081f60ff0394fa6056fb40884bea32fbf8c6728a075bda33732d2	0.80
https://stedtdb.johnblowe.com/etymon/2477	200	19646	637cdbf0129015a3ad2433eca2f23efbcd718497de29c04becf3a49cbc94c5a1	0.56
https://stedtdb.johnblowe.com/etymon/2489	200	94993	feb6253b42283a75731db2ade4138b7e64f5027c801e4634e039b7ebcb829f4f	0.68
https://stedtdb.johnblowe.com/etymon/2499	200	40163	c5b6a5c6df8b48386064f81817688d1ccb6918fc3fe8f677f08f5186f2ee1e9f	0.57
https://stedtdb.johnblowe.com/etymon/2504	200	214582	60aa536fc77231567886ea51faf82aa09634945a36703224794ff3a5f951c986	0.83
https://stedtdb.johnblowe.com/etymon/2517	200	62828	27c464004e9f66e843703c8d948f25a829f20b3da96274fc95bfcf8a604c9f3f	0.69
https://stedtdb.johnblowe.com/etymon/2531	200	20871	6c85f8e69875d27180e57ba542e73e72682ceb77f10191606702944c33082fa4	0.56
https://stedtdb.johnblowe.com/etymon/2594	200	8155	6aedc0c0898d2570e983892d8276f135a51dde64ca4a2a81a41d145669175ad4	0.47
https://stedtdb.johnblowe.com/etymon/2610	200	19284	eda48c530fa3a10eac82c1bc88dba7bf7181a190326f99c0b231f8080f5b6cf1	0.56
https://stedtdb.johnblowe.com/etymon/2621	200	112664	136f2d51be576896bd93f7da2c8002b9d6ae51f9cfd9fe826c329838fc222537	0.78
https://stedtdb.johnblowe.com/etymon/2625	200	10427	f35b20efa03315c936183e50ea47a2610bb2224dc8da909ffc8afc71bd0f40a5	0.49
https://stedtdb.johnblowe.com/etymon/2638	200	17252	1a0c1c059637b057aca15acc4b59a979cee6fda256cc1031f38cb3a07899c729	0.56
https://stedtdb.johnblowe.com/etymon/2658	200	320521	1c7ad25d342fa41e4788dbc28f1f7f8c0d98f817bbb22d03b18b10ce06bb603f	0.92
https://stedtdb.johnblowe.com/etymon/2666	200	140863	e8948c764e478d05f75b5535659b80fd4100f89955ce044c0f64fd230f67c587	0.74
https://stedtdb.johnblowe.com/etymon/2670	200	82303	0733c0a2c314678e6e3788d36ee0ad6d7d17a183b78ec748442517e5dc5a8aea	0.66
https://stedtdb.johnblowe.com/etymon/2671	200	17679	c6a964ae4b364c9b3f7c868fcdd55f46b2a84a72247e354df626b85e232152fe	0.57
https://stedtdb.johnblowe.com/etymon/2692	200	40140	e9598dd5414f8ac42c0abbe436b85903750b4bdd3a85a7ca9df7cc386717ed62	0.56
https://stedtdb.johnblowe.com/etymon/2722	200	22610	83c111b20a5f28a38e6a01a7ba355d6c85e90ea0208ef98b3518b1cf98ba8f9a	0.56
https://stedtdb.johnblowe.com/etymon/2741	200	29519	6a5ff4bc7a490ba96a0c98c5de575898912eed41a1ae9421ef74cddba7f27f0f	0.57
https://stedtdb.johnblowe.com/etymon/2748	200	186913	b1ba18eee7cf520df2163eaf0cbe438c7e72438e5de5ba850ee11915a9be1c80	0.80
https://stedtdb.johnblowe.com/etymon/2780	200	14769	095fcf64bdd0a3bc409df9ce4abd6ebff76d52e79c3f29bf1584bd5b4b449440	0.48
https://stedtdb.johnblowe.com/etymon/2791	200	12925	809c7132bd7c5d7bd8091c34adae5befc69e6a59f6920d5b97585f8ebcfd2eee	0.48
https://stedtdb.johnblowe.com/etymon/2798	200	15056	23ac745cff1af17e18b72f6136c71aeaf0ba5240b370e577ca579f164d8cf27c	0.46
https://stedtdb.johnblowe.com/etymon/3288	200	11926	4e10fdba8029c018d56b0ef1e2a032eafd624b763a7dde3194c7cdfc0c0ce64f	0.45
https://stedtdb.johnblowe.com/etymon/3300	200	10738	79832adbe19b5d00db4dfbdd4b7212dad7f46d658d614e9fd66dceaf47700f90	0.47
https://stedtdb.johnblowe.com/etymon/3328	200	15423	8f49366b9f0b4dd84b23de6c9c6c106320b3b02279f95d9d404d82b382cda8eb	0.56
https://stedtdb.johnblowe.com/etymon/3331	200	17102	7684d2aba4b3cb7736facda8465d8c7997e4a9b90b35f84aba871da1f9453ccb	0.57
https://stedtdb.johnblowe.com/etymon/3368	200	9857	4118340b83a1648e17d794fc7a351069bbd8b9d2efe944f280dd5ad55fdff504	0.48
https://stedtdb.johnblowe.com/etymon/3375	200	9472	fd262604d87eb62c2baaeaf6cf8414ec36ba427ed5afc45b3bed798f0c4a7b84	0.48
https://stedtdb.johnblowe.com/etymon/3379	200	10011	8592e777c6ac1c235ae7692826182417790d2f51ed122e24d26189c2b8d28f59	0.46
https://stedtdb.johnblowe.com/etymon/3436	200	17489	e9ff61662a049e0aaac9b816b5a374373982567f77d8a328416dbf85238f4077	0.56
https://stedtdb.johnblowe.com/etymon/3451	200	28832	ebc5544c6819d67cbefab2d1620b4f31c80dab2e9d00300778e19c6aa8b592aa	0.58
https://stedtdb.johnblowe.com/etymon/3465	200	24211	d0f03453669d48dac3f29423ac589f98f4b264e1b03a44605439c407d9716c9d	0.57
https://stedtdb.johnblowe.com/etymon/3497	200	9610	4ef64c6b23e38cd6d6ddc2e7cf956cd18a8bc083a49c6e5b054bfd232b6fa058	0.46
https://stedtdb.johnblowe.com/etymon/3537	200	9844	fde0a63c73265a8a492b569bf1913fc79994db1690bb579bb6be985c53766032	0.47
https://stedtdb.johnblowe.com/etymon/3553	200	22106	3251755c81595b7892344199cc65ccdc625d2062be5c25fd8945304027fc2d52	0.56
https://stedtdb.johnblowe.com/etymon/3560	200	24799	bb94ae85d98c40e94f7e6897509d8aad6e10571c57206e4b8a4d43cf2ee6036a	0.55
https://stedtdb.johnblowe.com/etymon/3569	200	52808	9ad2d8c1ca939576a2e93c2135e3db0f0c11ad2e2fdf13b22e9c9b8b7961c90f	0.67
https://stedtdb.johnblowe.com/etymon/3584	200	10430	621a46d857ab5fd92ed81e4075e1b13ff8a2a4d0c4f44e474cb79d5e617cd4db	0.46
https://stedtdb.johnblowe.com/etymon/3589	200	8033	90befcbf7774f6f91c855ee8ea54f8089ebb7d2652a04c0243ffd62f35ffa5df	0.48
https://stedtdb.johnblowe.com/etymon/3597	200	33196	922a331872bff448ea5ecdb632b40a04c86adf311dc3e6a9b2df6ee02d362fff	0.54
https://stedtdb.johnblowe.com/etymon/3605	200	18043	dcc04218081f5e2a20daac6755d226e84d0498eed55ad5bf6404a0514a9f1eb4	0.55
https://stedtdb.johnblowe.com/etymon/4002	200	11117	6c8e486041fd6760a2fbc7558ea187b165f5b55fd6c364254b50bc8f4b8d9f18	0.47
https://stedtdb.johnblowe.com/etymon/4014	200	9860	0971955b513b242eec793eeae22045063eef9a834eda7a05a96b5d6775a65cf7	0.46
https://stedtdb.johnblowe.com/etymon/4025	200	9255	55d90e5c70b0915bc1acc6cc3336923c7da697a8d4b41f9de9f0d13e7f400c57	0.46
https://stedtdb.johnblowe.com/etymon/4057	200	9394	e10fae11fa530ae6cf076d8eaf9ced61ec9d517becfd43b6d2dddaac7b44af4d	0.47
https://stedtdb.johnblowe.com/etymon/4093	200	9921	b44b4f9975da04ef251c183e4a3588bc53d4de666d2ab15013dfbab8c5907381	0.47
https://stedtdb.johnblowe.com/etymon/4106	200	9342	2dbdf1b49871c2117444daca6d61c7c381b7e0c20b434f0a9ab90a759cfe9ea4	0.47
https://stedtdb.johnblowe.com/etymon/4161	200	9179	9e25699a8a4f61b24af563efb46d7338999dbeaf91ff5bf4cea73624b17354c5	0.48
https://stedtdb.johnblowe.com/etymon/4205	200	9241	cad6f327569b5d9ffc297e849fe65e277dbd202e5dbd14211b27b2050afc54cb	0.48
https://stedtdb.johnblowe.com/etymon/4282	200	9942	824fc8f62fca98cbed32ae24f43b3465a77578d3a8981ecb94dbb5e8d009a095	0.49
https://stedtdb.johnblowe.com/etymon/4308	200	10404	c3cb2572df029aab5d5c946cda9d7551f034108c37bcbeb19dff6f133ac3317a	0.50
https://stedtdb.johnblowe.com/etymon/4326	200	10746	0990eb6d0bfb53ce136e36597288ad45142c0d5f11e3271b526feb921be147d3	0.47
https://stedtdb.johnblowe.com/etymon/4362	200	9488	5097a1d49098cf75b6ca4c9bbcb1a3289fbc65a77f3d62bbb80a420bcce5acce	0.47
https://stedtdb.johnblowe.com/etymon/4368	200	10011	5bbdd4564eb2460f7ec52a44b04410ac5ac0f944c9c305a2f5dde51a2a626a68	0.47
https://stedtdb.johnblowe.com/etymon/4468	200	9306	ccf6cd85f3f7bb98f5abba5c8bdf6eee29d7822484af5659802f00bb86c4bff4	0.45
https://stedtdb.johnblowe.com/etymon/4521	200	10747	263f0d02ea3a5a7bee5d215f905252eba0f5b66a044ff857c41abdb954b0f237	0.45
https://stedtdb.johnblowe.com/etymon/4543	200	9801	a00b0a23e1c304d60c697ad9f908e42722ed63ee3bbe52537976089c423fde67	0.48
https://stedtdb.johnblowe.com/etymon/4558	200	9649	fd4f5c94839a2a1c7ff0ae9512975157ba65596529edb6559f09641fa8d1fdd5	0.46
https://stedtdb.johnblowe.com/etymon/4576	200	10400	4e93513a9010962016c0a8789218cba41054dafe932488d09602fd53c725f13a	0.48
https://stedtdb.johnblowe.com/etymon/4601	200	9469	2a2eb1f451fef016c6b78c14ab627c589a8321c982feb9ff786972bb5a91f912	0.47
https://stedtdb.johnblowe.com/etymon/4608	200	9730	d478ea62010d22003041d6f50423880cab9e7246dafc0b83ebfdd0bf19e3aa91	0.47
https://stedtdb.johnblowe.com/etymon/4643	200	9851	c7f91c76cc260a0db4d43bd20fe67a6b1d5b996c4ecbaaf68d046b4954a33ab4	0.45
https://stedtdb.johnblowe.com/etymon/4652	200	9751	53436a2aaa0b5d44302fc2b23e037be62e8eafa82664fa535a2c218b0350d3bd	0.48
https://stedtdb.johnblowe.com/etymon/4664	200	9555	9ac70ad85b1d15b1b2530301d72d30114f38d8048415b8ebc9cbb861e837f53a	0.46
https://stedtdb.johnblowe.com/etymon/4720	200	9537	cecb3d556592de4a3599df13550d2fa2c65701b60572dea1021fd284605caf9d	0.46
https://stedtdb.johnblowe.com/etymon/4777	200	9711	4c76a020ae7cc77b018fe252a7f9ce0e5e7a86950800d2ce716f7bce5b6746db	0.48
https://stedtdb.johnblowe.com/etymon/4782	200	10321	665bba6eab85f57cd86b5a217288c47e8aec23826f1700edadce1512d07c58b9	0.45
https://stedtdb.johnblowe.com/etymon/4865	200	10221	490a82c50cf9ee2e6dc88fc7c8a37f6bbd27073ef7dcd23a01725ba104171956	0.47
https://stedtdb.johnblowe.com/etymon/4934	200	9232	0ddf8de0641ed44321608f5275adadfe18cc5606fda3dabd6a172c4339f621fb	0.48
https://stedtdb.johnblowe.com/etymon/4942	200	9233	5832c4933f8e090d2b8f2a1096d46cb32d0ad65feb1219ba48a766a1dd23ae2e	0.48
https://stedtdb.johnblowe.com/etymon/5062	200	9846	707d9260243449a4ff5c7d6e8b74b2e1c8c98d61443bfe56e59022e1148443ff	0.46
https://stedtdb.johnblowe.com/etymon/5070	200	9281	cf8a53287421fc51b9faf20a73890f6de395c9fba32c62b60d157a1728304c30	0.46
https://stedtdb.johnblowe.com/etymon/5101	200	11288	66a142b726bc240f4c28d79e210ff582f0038b23fef1888f5e0554df0ebf3826	0.49
https://stedtdb.johnblowe.com/etymon/5168	200	9453	68fbd78de8bb326c20062d60653da03a13a9ab6a448796fbc7a5f59d965372fc	0.48
https://stedtdb.johnblowe.com/etymon/5194	200	9689	3fc0bd4c2315f0c9e270e58aeb0ff87032e5f28f9ec2455d531f190b90153347	0.50
https://stedtdb.johnblowe.com/etymon/5216	200	9189	c45d9f8c8440e8acbfecf021936cd8918cd5b1dae3859de2aafacf8e709d384b	0.48
https://stedtdb.johnblowe.com/etymon/5221	200	9481	b02a88c89ca687986b752325585577872ddfa224c293e8d4d788ef7df51409f3	0.45
https://stedtdb.johnblowe.com/etymon/5248	200	9351	c94f7de574d52ecb76e704073eaaa3af39f8bf0f920da28a0afd2586c6021476	0.49
https://stedtdb.johnblowe.com/etymon/5250	200	9477	9a7b5235949680b63e217469f28f4d9a6271100f64dda7541bb0bb004cd848b3	0.48
https://stedtdb.johnblowe.com/etymon/5280	200	9492	204d9f75723bb7fa83fe897301d26054bdcbcb6b57e1afba6ba1ec4e0b4f20e1	0.47
https://stedtdb.johnblowe.com/etymon/5282	200	10595	30e335241d83428cb9edd5e5815060f4c4c4228c9d515d5c731ef8c2ca70d73e	0.48
https://stedtdb.johnblowe.com/etymon/5310	200	9868	52b9da955593cf4d0acfeaf3c9fc6a78ece19646c90b616a54ce867e71f2c3bc	0.47
https://stedtdb.johnblowe.com/etymon/5317	200	9265	ca068cf9b188fa7a33213229ac6dc8af170908972da821a0c2fea2bcfb54027b	0.48
https://stedtdb.johnblowe.com/etymon/5407	200	33303	424ff71f36aebee3b338a423faaed7f8fba363d0e35298b3fdbfc97fb2408fd1	0.56
https://stedtdb.johnblowe.com/etymon/5426	200	8089	c931a6b301e56470f9df5677aab7662cebc8b038c2c17d1217fda4e8c4866ce4	0.49
https://stedtdb.johnblowe.com/etymon/5429	200	25930	eb5e0f2eb7f8efaa2732a5de515dd6084d4072e1e427815147e66dd645e09e38	0.56
https://stedtdb.johnblowe.com/etymon/5441	200	9457	a4588caf6b70dcb67e81a5786fcbfee2f53b3b89fc856fec349395a9ca8593b4	0.44
https://stedtdb.johnblowe.com/etymon/5462	200	14084	1ab023eb7a0837197678bb40e08ca5fd900f5a0788fea89829c01cce416d4a36	0.49
https://stedtdb.johnblowe.com/etymon/5521	200	7750	c78b89edc88487351374bfd8f905bda57ca8e6b9a5497987bae375cc43561fc6	0.48
https://stedtdb.johnblowe.com/etymon/5531	200	18547	5b5bdf28f6c86e6c6b77855524e6bf9730505fa1c56de93d9bfe645ea246e7c8	0.53
https://stedtdb.johnblowe.com/etymon/5545	200	23180	f30fa4dd4306a918d56caadcc1dff630380a579712ca068918bb76d0e30bda6f	0.55
https://stedtdb.johnblowe.com/etymon/5578	200	11335	7d6458c4569bdfcdb85b8e56e2847b4ce4bd512a71018e0e0bee034c1bf3099c	0.47
https://stedtdb.johnblowe.com/etymon/5595	200	12794	6adff8333700dec65dd46d3620e88a2eb3fd82e167833ce60fc0be0cc0aab6f2	0.47
https://stedtdb.johnblowe.com/etymon/5612	200	19382	b82e3e6938cd58e3871a9d4c3417304f5b5a71a513ed3d288b2f83f86a786ee4	0.54
https://stedtdb.johnblowe.com/etymon/5646	200	23120	62b70a43c500eb1add7650846126452f375167eb4c4e8b9c6da6febe42afce9c	0.56
https://stedtdb.johnblowe.com/etymon/5735	200	11745	0a7a9b3223235b797c2a3fd24beb949fc38be86482191d6aaebb47e6d0a189d9	0.48
https://stedtdb.johnblowe.com/etymon/5774	200	10673	0ba6c155b98ffb10f8c5e649ca840e588048227eac12011bd54ea976dce9d9f3	0.44
https://stedtdb.johnblowe.com/etymon/5777	200	12157	7ba0ca911f0666dae930aeda2455f17da6e76b7e8c7aa87e0eba2eaefd2a6273	0.48
https://stedtdb.johnblowe.com/etymon/5822	200	8421	34e5d7a6e04e932a61bab723efb4a929fdc72151dfe5fc527989624878228f51	0.46
https://stedtdb.johnblowe.com/etymon/5828	200	7927	88775ef14d971ce1b551f90b4797652fecb78e964c509fe5d6784d52949c83c6	0.47
https://stedtdb.johnblowe.com/etymon/6011	200	11303	f1a326d761fdecccffe4d1379b0d9215615018da0dbca8dcfec35b15fcc1a1a9	0.47
https://stedtdb.johnblowe.com/etymon/6068	200	33352	8bb334f21fd03cd0c7b0429b3d2c6223e6b1df0d9626252f2d4247c5fe57ed71	0.52
https://stedtdb.johnblowe.com/etymon/6112	200	19031	5efd260b68486d36d5146c254818f0827183ed3bc666419f177fac425fc32d6c	0.56
https://stedtdb.johnblowe.com/etymon/6154	200	11856	3bd15df1efb2c81eb1a264c6cf148ab8552facd011feee225a40f4cef85f37ae	0.49
https://stedtdb.johnblowe.com/etymon/6188	200	11169	8cec50cd0c110900c36ea057fbc067a6c13b21b0fd6ee5045b1119f5cca86642	0.45
https://stedtdb.johnblowe.com/etymon/6203	200	7849	596bfac8ecea417e73fe90b4479876651941d015b26c0dba8ad6f4a3c1dce944	0.45
https://stedtdb.johnblowe.com/etymon/6211	200	22018	f7315607ddd0c1eb0c4273125be682cddcfc38132a4dd2b2ff478425269d7536	0.56
https://stedtdb.johnblowe.com/etymon/6269	200	12507	d96cdddd8880143483c35c50dd9519139421b2c084418363383a73b4a0b1a297	0.47
https://stedtdb.johnblowe.com/etymon/6290	200	14292	3e754e15a8973050eb993b73565f21db2bedbd2f48e6231a9d1bff1cd1f1fbc6	0.48
https://stedtdb.johnblowe.com/etymon/6305	200	10773	0d696f9bd3736405da1450db229689ff78735dd7245ded1afbd238e1719008f8	0.49
https://stedtdb.johnblowe.com/etymon/6328	200	9749	c71dea9ec3d3effce542ca15a059dfaa9e201a0dbe85b1405141284da3fa8b70	0.46
https://stedtdb.johnblowe.com/etymon/6399	200	10712	f04460bd78d49a87cddba6e504ab795f691c75c167d90fb349994f9d080921e8	0.48
https://stedtdb.johnblowe.com/etymon/6419	200	12159	2a5793743a596b18be79ad1ef373db0371fdb2008e1a4a4bd649284dce5da777	0.47
https://stedtdb.johnblowe.com/etymon/6493	200	14174	cbe24b5eec92936d2cecfd417143c50bfdad6ef6b6e03ba26df1f598e1ee7984	0.46
https://stedtdb.johnblowe.com/etymon/6523	200	10760	f48846118cbf3ee0dd754254bedc0372dd6a28dfec40e3df7dab16fa67eb8cc9	0.48
https://stedtdb.johnblowe.com/etymon/6541	200	15433	3e5ab4090a52ef76cc9bd710d31f4d61c6f7de86b06b8a9c51e70aa5f544ac9d	0.55
https://stedtdb.johnblowe.com/etymon/6601	200	12136	0608ffbef8fa2e5a8a270a04ceb66714668072b3b55e39fcb63809c236a1309d	0.46
https://stedtdb.johnblowe.com/etymon/6607	200	10838	c5cb83ded4acd8d8db5c906eb41fefc39b1fd64e0327db14d2dd138a117f22ab	0.46
https://stedtdb.johnblowe.com/etymon/6654	200	26144	36e7419d7a1c95ed0c03a7f0eab1e7a3a29ed7dc6f645f0903c62a7f1c25ab54	0.57
https://stedtdb.johnblowe.com/etymon/6680	200	16888	06e5041628ecb6f6d0368e73c3307653bf590d65b566226c6359fc931069d993	0.55
https://stedtdb.johnblowe.com/etymon/6708	200	11228	5c8172791ba71b41c0ca66dad9b22e013a7b269bc8452c8b6173afafb3732494	0.48
https://stedtdb.johnblowe.com/etymon/6717	200	12212	b529086d269536ba132c34a20c3ef3a4aae8ca95000ecd302836b72ab2a1ead3	0.48
https://stedtdb.johnblowe.com/etymon/6720	200	7897	9d40751f26d464d7c0b12db5bb464a9c3e6d71609e01931270826fc5563e0152	0.47
https://stedtdb.johnblowe.com/etymon/6725	200	13796	8e7193c6c4f1a8389794cae86a05456e72a1765e0bd95a6bcfd4c65493af3785	0.45
https://stedtdb.johnblowe.com/etymon/6782	200	9444	495d786b58fb201a28ad94fee5ab33112fcb4082bcf85ada40d8c0f2a037d206	0.48
https://stedtdb.johnblowe.com/etymon/6807	200	9399	f33272ce4689fd2fc7185c5b50013f4eee4d1460220e90dba3aaacd3724d7b1e	0.48
https://stedtdb.johnblowe.com/etymon/7014	200	9118	c46d8c5dff1e36d5a337a32cc34360ed2f42bd662e36635201ff9c1f27d7aa70	0.46
https://stedtdb.johnblowe.com/etymon/7108	200	9681	65c66eafbe9ea94dd96286c48abf91f739df483a01c46f43bd356468a136121f	0.47
https://stedtdb.johnblowe.com/etymon/7135	200	9857	48019391715333a70fae92281dc796be6cb57140b12141f6a21d9d6d49d67b53	0.48
https://stedtdb.johnblowe.com/etymon/7141	200	9396	367228feb2180a0653723e14e7c5749a1f13f30767cce7b084626599d445f5ee	0.47
https://stedtdb.johnblowe.com/etymon/7248	200	10652	3566f880b897e8bb33b21c7b03f9035655e520e6843211d2368e85dacd6bd366	0.44
https://stedtdb.johnblowe.com/etymon/7272	200	10559	76a5e50354ea3634d197431d47935e3ba7cef106d81d72532210243c7892d73b	0.47
https://stedtdb.johnblowe.com/etymon/7348	200	10823	9abf9a31de82ce2c2aa6c7f4e2278e961c6dfaf07bc84b8f289bfddb44afe54e	0.48
https://stedtdb.johnblowe.com/etymon/7380	200	10111	dc6c79c38178e183d90a37cc2b030eba2114853d6a285d1b1b9130fb482d12bc	0.46
https://stedtdb.johnblowe.com/etymon/7432	200	10222	c9da66530a87e13e56cc68ad094107f7aaaa737833aee2ba7a6cc32a138d0b12	0.47
https://stedtdb.johnblowe.com/etymon/7438	200	10035	7ac6e684de6940b3c9148daaa9757a45b842f18fcf53dab2911541b71e5a3104	0.47
https://stedtdb.johnblowe.com/etymon/7487	200	11109	f98178cf70fa9955f69e7f934f9181c9e8e26553f3b5ee557c64408bf3b13957	0.48
https://stedtdb.johnblowe.com/etymon/7738	200	9359	688ead82fe45a7f7414867ab8fd4de1713f85006d284cf023b11a386f8d2b11a	0.48
https://stedtdb.johnblowe.com/etymon/7801	200	10796	c24f0e56d5ed601171d9319680902d3ccb55198aa38304b37927f4d06d3bb54a	0.46
https://stedtdb.johnblowe.com/etymon/8007	200	10198	32f7a844d290abec09e9bcfb58c6d223f894d0ed38b75e50030cba51ed190259	0.48
https://stedtdb.johnblowe.com/etymon/8018	200	10424	52517df149c47094e9a7805c1b0a177cf6f12b51d695692cb86cb2b763b66e63	0.49
https://stedtdb.johnblowe.com/gnis?lexicon.lgid=100	200	14662	1de762b487486809bd4a6145927a47b989d8fdaf14ef040f142458df22914a86	0.45
https://stedtdb.johnblowe.com/gnis?lexicon.lgid=101	200	12114	a4a5d1352ce35269ba771efdfac7dfc4d729a309b1ec3f8c945a31e97d36058d	0.43
https://stedtdb.johnblowe.com/gnis?lexicon.lgid=154	200	9626	30b7490b6a46a1f122c6d0726cc1de6cba8b78074d3bd2ba006cc04d06811234	0.46
https://stedtdb.johnblowe.com/gnis?lexicon.lgid=159	200	9330	d733bbe8b518cfc0f87eb15146da0a96255a8daf967ade124ac5786bde4dd948	0.46
https://stedtdb.johnblowe.com/gnis?lexicon.lgid=237	200	8339	0071f411207735f5a1e46736dfe3516aaf71c0e7aee646ac02257a0cdde6c0df	0.47
https://stedtdb.johnblowe.com/gnis?lexicon.lgid=350	200	1606265	be459be706fa8fc2027c26397c531f9133d99543b8727a14e596207eb2f1a043	1.64
https://stedtdb.johnblowe.com/gnis?lexicon.lgid=406	200	1092550	ca2bd65b63ad9c0de80284274df5832599ec59053d9c9e4d9691eee493c552fe	1.38
https://stedtdb.johnblowe.com/gnis?lexicon.lgid=446	200	9323	532895779916ad528eb4e029e3e7cb3a647d8d030a94646cf8de48abddf3208f	0.43
https://stedtdb.johnblowe.com/gnis?lexicon.lgid=473	200	9567	3c499ad7d403f0a52b25dc391c371cac5505ad95bc660e7020bb2f7db1f34080	0.45
https://stedtdb.johnblowe.com/gnis?lexicon.lgid=486	200	140559	1277e9e64ab4ad627cba519377dbf8ed08f3e5b3741455fa7720c82fe411bda4	0.72
https://stedtdb.johnblowe.com/gnis?lexicon.lgid=562	200	48003	8a02913b9a6a79b74b99bb5b05590e0f0e128d51e724ab3d423d80bec7aaf1a3	0.64
https://stedtdb.johnblowe.com/gnis?lexicon.lgid=586	200	32342	0025ac03e3dea0243cb8a4243a7800b48a9aa3fe17770f26218fcebf9383df5e	0.50
https://stedtdb.johnblowe.com/gnis?lexicon.lgid=608	200	10114	a7c3ce92bbef9b82ba8cca96c54edfead1f1f891587ad547ff05712f0007dde0	0.44
https://stedtdb.johnblowe.com/gnis?lexicon.lgid=716	200	13542	aa3c0f7c59c3b598a389b458b30d50b8fd6422ab0c4ee1b2c58ff857e20f96b7	0.42
https://stedtdb.johnblowe.com/gnis?lexicon.lgid=766	200	67263	23211eace53ccce60b7f6b8dfd18e83fab6f0c2b42c33338e38d3cdbca1ff103	0.61
https://stedtdb.johnblowe.com/gnis?lexicon.lgid=872	200	21378	bca60f9f0acc847365e8b4f52e9b292d674a7089e5641d13c118de1de159dee8	0.53
https://stedtdb.johnblowe.com/gnis?lexicon.lgid=946	200	2866444	1d255a29184688ecbd168e54efd976a2826eb15fe18ead0c85d0528a4e5d0195	2.13
https://stedtdb.johnblowe.com/gnis?lexicon.lgid=968	200	16059	09cb0119ec56c4881b953c700dcae2d92aeb368add6f4f8277dc14e8103c0b8d	0.54
https://stedtdb.johnblowe.com/gnis?lexicon.lgid=1010	200	96276	c8cf238e3fe43bd2b398397719f283e114d048af4fc2c85e519d1de5be60a911	0.65
https://stedtdb.johnblowe.com/gnis?lexicon.lgid=1107	200	22336	5b3c32584379c36bb85dfa336cf07bb6b2c327a160b2b1d315e1b22d16298c34	0.52
https://stedtdb.johnblowe.com/gnis?lexicon.lgid=1108	200	9537	9500d2c0007e722fcbe93dd38d3433c25fddd88ecd6a3a076d8186f101d1edcb	0.45
https://stedtdb.johnblowe.com/gnis?lexicon.lgid=1139	200	9304	0481407edaf5494415ccb9549a97dee43733f8dd1de1878af2af2b73acfb7192	0.45
https://stedtdb.johnblowe.com/gnis?lexicon.lgid=1273	200	38905	73e521a7d058172cb2442611b2eb77dc1455fe92ae41af57b032705c5afae48f	0.53
https://stedtdb.johnblowe.com/gnis?lexicon.lgid=1303	200	9325	a0f6ecce3f7f656f500464b22f42ea54b126b14b39223fa48f7902984419681e	0.46
https://stedtdb.johnblowe.com/gnis?lexicon.lgid=1507	200	10337	01f95aa3dc97578822d1f8257feb2937877dbc9780a9a7de5e6c82a65a70088c	0.43
https://stedtdb.johnblowe.com/gnis?lexicon.lgid=1518	200	9310	8ac57cff7b0116cfe222ff0418a40e22e07d1c717a233e37e8fe24802a0459d7	0.45
https://stedtdb.johnblowe.com/gnis?lexicon.lgid=1785	200	59006	bac72eec8b522c24c9de25b69889e939a47cbd338becae0de7e324cc8116be44	0.59
https://stedtdb.johnblowe.com/gnis?lexicon.lgid=1798	200	20221	caf1d31dbff08a31e5cf741174e01eef5e834320a9aa454492af77fc04fb9cd6	0.53
https://stedtdb.johnblowe.com/gnis?lexicon.lgid=1799	200	358201	b446dcfdbd9c3913c64d22cda86d409911fac33c4444d767763034930dec079d	2.33
https://stedtdb.johnblowe.com/gnis?lexicon.lgid=1801	200	422551	0c56ae79cc1d6f804bcf79250b4dfdab192b1d221b44b58cb522e6005bdf4b61	1.18
https://stedtdb.johnblowe.com/gnis?lexicon.lgid=1913	200	9583	8206b6bb8c9f9ab7bc6fdb1309af104c8a4ea87f81940bdebc078f94e17045e9	0.44
https://stedtdb.johnblowe.com/gnis?lexicon.lgid=1946	200	9346	3771f08e5849d58d071b9ff810f3d7feea0277734c232cc0d96750cee038d894	0.43
https://stedtdb.johnblowe.com/gnis?lexicon.lgid=1962	200	1643548	cdcf6c4c4a165026c3011178b09c2d6f77370f9689c2f0620b349168c07bd969	1.61
https://stedtdb.johnblowe.com/gnis?lexicon.lgid=1970	200	1284661	5afec75e16c36fdd54642fdb05a73a0257a5711c38e279219d35a9ec894044f2	1.44
https://stedtdb.johnblowe.com/gnis?lexicon.lgid=1973	200	857594	36444499e6e587cbe889d5436c00ed622ff4ef6cb9825fd07488f7987c99990c	1.58
https://stedtdb.johnblowe.com/gnis?lexicon.lgid=1977	200	2670157	a4a9610daa53a92a98c1ed1c95d32ceb497413d08e419a28a9b6f9414761436d	2.06
https://stedtdb.johnblowe.com/gnis?lexicon.lgid=1979	200	1845727	5b57fbd2341cb9f80e8cb87759ddbc89ec4c2a48a0abd9c43bf18eae6d302bce	1.76
https://stedtdb.johnblowe.com/gnis?lexicon.lgid=1981	200	899753	726af48ff666e5291421d2ec6bd8a0982b03364383bff7d4dfbfb6776f036589	1.27
https://stedtdb.johnblowe.com/gnis?lexicon.lgid=1996	200	855713	765ba80488f1fa0cb77a51a45c2006992c486d7781dd83f5037fed4ab77236ab	1.18
https://stedtdb.johnblowe.com/gnis?lexicon.lgid=2025	200	670212	36aca703ee1d282cc77804cbd13671fbeabffa24b3554981197c42faa5b9d95f	1.08
https://stedtdb.johnblowe.com/gnis?lexicon.lgid=2028	200	24695	cf79aeadcb6c6ad4e39da3fc93430b33c7b1a506a6976651b446f86d60387f89	0.54
https://stedtdb.johnblowe.com/gnis?lexicon.lgid=2084	200	9328	0c5d6c4a2bc2f4e4e724910e6e035e6ede1f6da76120653772d415d457c8f3fe	0.47
https://stedtdb.johnblowe.com/gnis?lexicon.lgid=2129	200	9329	0fc1117429d9599e86b23afeec99562e66fc9eaa9f2eacf8b445e515b94c35b4	0.47
https://stedtdb.johnblowe.com/gnis?lexicon.lgid=2207	200	968654	68b2e189fbb9599643b714f92d083ed0ed024145e8f58f9f40cef1d92d5255a4	1.31
https://stedtdb.johnblowe.com/gnis?lexicon.lgid=2208	200	1030186	11103964027dbc5cf40d319fa4b4efb1531a5c1a76b0f0832c869a438cf9286c	1.33
https://stedtdb.johnblowe.com/gnis?lexicon.lgid=2209	200	1024111	443ea552e8ff018a4af12186b48fe5a36842190d3e8e6ba6d4fc20889ad6b59e	1.28
https://stedtdb.johnblowe.com/gnis?lexicon.lgid=2210	200	1040853	65930d096e902a28b5abdc39e6205221eb32f2025fcd7160892d1f2201438036	1.36
https://stedtdb.johnblowe.com/gnis?lexicon.lgid=2211	200	976804	1b031f08aab1db64e57e6a9f42a56fab47fa92b535cc7719b427e0d5e2677d55	1.35
https://stedtdb.johnblowe.com/gnis?lexicon.lgid=2224	200	9379	a3a5e183e1af0275ba0f4afacd424dfe4bf14f8b043c7ea512f3194ea6641131	0.44
https://stedtdb.johnblowe.com/gnis?lexicon.lgid=2267	200	9313	9403618fde0de3644d26818a8a4fb8de4c4181524d368bfdc3f3ca574681ae23	0.44
https://stedtdb.johnblowe.com/source/AH-CSDPN	200	7965	709482dcc19ab95f8c152fda44647c79602e2912a00a7eb2f82df0ea355d03f0	0.50
https://stedtdb.johnblowe.com/source/AW-TBT	200	46916	8424cf34aa975e3e4c724b92c09b4ff0f912086776ef0da7d372465cf214902f	0.63
https://stedtdb.johnblowe.com/source/Bhat-Boro	200	2893	45c4518f143f8f07b15d7f787aede9280af274a60737247fb98b0f51a6da7123	0.48
https://stedtdb.johnblowe.com/source/CB-PNC	200	2345	996a3c319b3661775dc389bea1268a4bd6bb5f33a303a57b464c724326b2188a	0.47
https://stedtdb.johnblowe.com/source/DB-Lisu	200	3367	e0af1fc80ba931c3bf2fa3afc72d2639e929cdbd4efe8439fa17809ee19c85af	0.49
https://stedtdb.johnblowe.com/source/DQ-Langsu	200	2775	bcff6e8e623a0ffe0d98feefce13848abf4ca72caf0bd82c148fe5aa9618fe06	0.44
https://stedtdb.johnblowe.com/source/DQ-Nyiq	200	2329	211aeed30aac92f45b256146c7c9fa05d227448577a704b7954c71df3f5ae125	0.44
https://stedtdb.johnblowe.com/source/GD-DOM	200	2373	831d96be9a57fb672db78692c5a7f83e9ce20624857a19225310f105b5ca2bf9	0.47
https://stedtdb.johnblowe.com/source/GEM-CNL	200	19864	cea68904108f7231b867a51f8f2aa5f64f0c25af0f27b6a0208eb0d698f867f2	0.62
https://stedtdb.johnblowe.com/source/GEM-Phom	200	2333	04c47756c2438a6b0c5bc1a9e8dc6b2355d5721b5e77b5298d2a67e4e39909a5	0.46
https://stedtdb.johnblowe.com/source/GHC-RCC	200	2784	8a00824b96c255a2b2f8317e00ca400ab027ee479186bd0a84469de001364851	0.47
https://stedtdb.johnblowe.com/source/GLDC-GED	200	5031	1e80a42acac3a9605fb0b40ab42d137171c7d74dd4f35512574629ea2370e0ba	0.46
https://stedtdb.johnblowe.com/source/GOW1972	200	2363	70731f599f849d12445f4eedb2f095d4de1c4af1cde60059b406d319700e07dd	0.45
https://stedtdb.johnblowe.com/source/ILH-PCAH	200	2344	f729e42389ee9b9f76665e5b26ad13e778e8d93eebed58a48f46d469f90dad1d	0.43
https://stedtdb.johnblowe.com/source/JAM-Ety	200	33093	68a3525f0e46ffe6bcbb6b1bf8e1304b8a5ed588979d992b38f0b814ef01c24c	0.57
https://stedtdb.johnblowe.com/source/JP-CPL	200	4528	928beecefc5b5be11cad08b4613c5df507544bc3b8dcf503b9b1613b3a7cd1f9	0.46
https://stedtdb.johnblowe.com/source/JPE-SQiang	200	3220	865bf058bb1465c9760f953101cd0accbf74a9a7474e8fb5732589ccbaae5157	0.46
https://stedtdb.johnblowe.com/source/JS-Tani	200	4495	399c21e2d4d1014c7c54769c6b89ecef6b2984b9e0dddde1ebf3263dcf7ea2db	0.50
https://stedtdb.johnblowe.com/source/JZ-CLMenba	200	3277	b44c539cf51dad6a4f0caec7b3a97155926b99f1731a16b62f21f31eb630152a	0.45
https://stedtdb.johnblowe.com/source/JZ-Nusu	200	3629	6afb03af9d672e690822011a595769b7737cc21ecc39fea85a61eebc53bf767b	0.47
https://stedtdb.johnblowe.com/source/KVB-PKC	200	9333	951c6432059bf627291d0a81dd7df2d0a32d5ff72e8f38433edac1516294ec8a	0.48
https://stedtdb.johnblowe.com/source/MM-PTPK	200	2598	b3f96bfc29a4467025cee2dec1364e781c13cb00a75e48a50f0df62d880845d9	0.47
https://stedtdb.johnblowe.com/source/MS-Gazhuo	200	2765	d572c687636c1e947f931339b576386bf56e32d040143cd069e4a1021043650c	0.43
https://stedtdb.johnblowe.com/source/RC-DOC	200	5439	283003e742abf9d122eb89f87504fff350407c90a117ac208bb4043ba886a029	0.49
https://stedtdb.johnblowe.com/source/SIL-Nuosu	200	2871	2cc4418b3758e92ecd5e9d5ef8985d8050e8d5eeb5fbb6bf257fdde254ae7c46	0.46
https://stedtdb.johnblowe.com/source/STC	200	71821	1dcb860104e795675a380631bd0d9a40ce0c5cf862f47f05bb39560309315988	0.65
https://stedtdb.johnblowe.com/source/TBL	200	20550	c3d89dff299ecfa798a9a1db632ea2cb229863539d3241df72f3755b1c9a5b8c	0.82
https://stedtdb.johnblowe.com/source/WHBLS-2011	200	5494	bd673fdf56b072a927e1a7f7291f64e3b5296f03075e084c59b8499dd6c70053	0.51
https://stedtdb.johnblowe.com/source/YN-RGLD	200	34516	f265ecda1dbc371ab20a6630507f1c31260b764f9572ef06fe92fb96e35a4076	0.67
https://stedtdb.johnblowe.com/source/ZMYYC	200	25062	214b41ec931b2c310e723ab734768f7e326461f709fbf33438a4424cca2bc9c5	0.71
https://stedtdb.johnblowe.com/group/0	200	7645	0abf974226a955a58a80f4fa11967cd5e9dce531ba15f2211c406f91e6662952	0.45
https://stedtdb.johnblowe.com/group/1	200	9582	bfcd03b20c4fb5ac4e47f7109071984d06e68d233f8af3280bf318d3482e6cb4	0.43
https://stedtdb.johnblowe.com/group/2	200	11933	db2c2f72b0b50f7d3b1b9fe508a52d5985fbdc7269f26e200d1f2179dbfc37b7	0.46
https://stedtdb.johnblowe.com/group/3	200	9730	b88607eda545ba50ba6033cf7dfe3e80128fe77e4d0f5d13d0945b5ed99741b8	0.43
https://stedtdb.johnblowe.com/group/4	200	11626	5c2b4919e645a543bf2f9940f0c1431cca31b24447d8c0b71fe75d0d7305f9ae	0.44
https://stedtdb.johnblowe.com/group/5	200	8254	4ab604d4b0a94cc73c439e685dfd456621db946aef08925ee2935ed37a72e838	0.43
https://stedtdb.johnblowe.com/group/6	200	18454	130dc1172158332387f4b15dd2773b3e70f141905b061d5d46501fdc1e51e318	0.55
https://stedtdb.johnblowe.com/group/7	200	7645	2ed0389fb0c4e71c97bae4d5ee3efc2279aed7bcaccea9a9c837405909c6d416	0.45
https://stedtdb.johnblowe.com/group/8	200	18624	fa00ed71c0fff00d78b76c9aff17dc4af81b6ba1a6eb28090469de8ce76791d6	0.54
https://stedtdb.johnblowe.com/group/9	200	7645	13f6ae4e2f4d002016f7f28981291b5fa480041fbf7eabefefb95c0f96bfb728	0.45
https://stedtdb.johnblowe.com/group/6/2	200	18456	d8d86d8c3e58091d7c71a67a34cb825825e813e1669cb6fb5ab19d231d81edfd	0.58
https://stedtdb.johnblowe.com/group/1/6	200	9584	0127b2c8d6afeac73eefafe74a3f38dcb121b437f213103d750b86e2cde1a7a4	0.46
https://stedtdb.johnblowe.com/group/1/2	200	9584	8f727fc9a93dc71e33fdbc0fdf87fa9e7297443597a7daecaa6fe6773349c955	0.44
https://stedtdb.johnblowe.com/group/1/4	200	9584	75450b119e268137a3b259a22248301260d63f0c15ad866ddc7a3d3ef1071625	0.46
https://stedtdb.johnblowe.com/group/2/2	200	11935	734672913b2568aeff65590b9887a4d299ad542334035cb063b7d4b16b600d3e	0.44
https://stedtdb.johnblowe.com/group/2/4	200	11935	00acb195bc37f5a89eb6a039f5c38c8261f2a470e5cebea73df57986967d8cfa	0.45
https://stedtdb.johnblowe.com/group/2/3	200	11935	6d5945ff5a5267e367cab9d3593e9c6506aa76ffbf6bbfa9137673b9757567f2	0.44
https://stedtdb.johnblowe.com/group/1/5	200	9584	498a19d7afad2aab14049fc6b837b1ce85262f3e4e8880fab636797c44062074	0.44
https://stedtdb.johnblowe.com/group/9/0	200	7647	16189eeae5282ae149b932504a084f5e84d989ecb504cecea604da4c4a19cc77	0.48
https://stedtdb.johnblowe.com/group/3/2	200	9732	885764b6acf4c1823de8687b5951a52508adeb85a60712966fa5ca1eccddf46a	0.44
https://stedtdb.johnblowe.com/group/2/1	200	11935	0c646ca9d19005f2e6be072a5cb6e3665be4348945141cb007485149834665bf	0.48
https://stedtdb.johnblowe.com/group/1/3	200	9584	5b29a3e3b31ffba17f07ae92ab5a8b3253d295f471e4cdcd3f6372b292d61cc8	0.44
https://stedtdb.johnblowe.com/group/1/1	200	9584	34c72f7bcd634a35c9e67bd88c6382da432a964cae476571fdad68c340c755de	0.46
https://stedtdb.johnblowe.com/group/0/1	200	7647	42a491b89f1743bedfc2cca869c3d80bf3eab09b168b0c0018205c24922be287	0.46
https://stedtdb.johnblowe.com/chap/1.2.2.1	200	4702	48e41cb6de5e839ce134b5e65d42803381768816f13fd059a21f600ff62cd588	0.45
https://stedtdb.johnblowe.com/chap/1.2.3	200	4913	e4e40df81946daa4989ae9c18bdb6500a1e21833be36bff1c4952aed21980478	0.47
https://stedtdb.johnblowe.com/chap/1.2.6.1	200	3565	fdcc8dee612d02471dad22a5f7a190a321584b194f14473c5b970c5be6db3574	0.44
https://stedtdb.johnblowe.com/chap/1.2.6.14.1	200	2470	2f8b70e7586541473df62b33072dc1ba5d4a96723b3bff4188b9c8bb8f146eb9	0.45
https://stedtdb.johnblowe.com/chap/1.4.10	200	6878	08d38b819890d92d9b68b9b88550eb911f29afad10cb129a51357d55e2d9140b	0.43
https://stedtdb.johnblowe.com/chap/1.5.1	200	20763	5a2db7e5847ac4f0c70f7adafb64372714e9e3e40830f8a51517cc679fd3c374	0.55
https://stedtdb.johnblowe.com/chap/1.5.1.2.1	200	2471	4e6553f4a69f23a9da36aac8d20ef0ecded366b79485fa4447eb3c565adc36dc	0.45
https://stedtdb.johnblowe.com/chap/1.5.2.4	200	2460	6f3a69fdde1cf464eb40b6ff7ed374e17046d5696c7d6a4239a58c5b1651dec8	0.44
https://stedtdb.johnblowe.com/chap/1.5.5	200	5067	e0967373525610a4869d28e0b460e4eeac54aaa8ced53e816da62816d9155ab8	0.46
https://stedtdb.johnblowe.com/chap/1.6.3.1	200	2456	251a1784d1013d4d89fbb14646c5c1e85f70fc4caa67a99aa5110ed9e8ebff46	0.45
https://stedtdb.johnblowe.com/chap/10.2	200	2444	734433505c7c37f4fc1774405ce25d21cf31c8e8199077e76c9da5da00da9d21	0.43
https://stedtdb.johnblowe.com/chap/10.4	200	2443	ebf1b18f068fe4a7b5e291ccc39e546fb39b75e48d57f292c5f10dd920314cd7	0.45
https://stedtdb.johnblowe.com/chap/2.1.1	200	7101	853c6bdf58c4a5d94fbaadd721ff22d8a6ceaa197d52aebc7b72bd8dbe50bfb9	0.46
https://stedtdb.johnblowe.com/chap/5.11.8.2.1.2	200	2478	d87aa321914c9f756c69e5962a2f533ee8c0a3d69367ce7a1e7a6503073b2909	0.46
https://stedtdb.johnblowe.com/chap/5.11.8.2.1.3	200	2478	0d1699835de78b8b422f6f5e3f4dd9af27b57a11e1b68732f9a2e021a7734132	0.45
https://stedtdb.johnblowe.com/chap/5.7	200	8114	cd77a7e7587087812cd14c60305ae58e975be7262110ad527394d3ed699c2b96	0.46
https://stedtdb.johnblowe.com/chap/5.8.2.2	200	2465	e2cc77b5c40a368ebb6cd7c51ea020c448480d88a64e046dfa93b5dd36b1a85c	0.45
https://stedtdb.johnblowe.com/chap/6.1.1.4.1.1	200	2470	dbebc0c63520f8fdbd6c0164134c112f9ed4db75041eb770472734f609cfac44	0.46
https://stedtdb.johnblowe.com/chap/6.2	200	7628	b8dd502bbabfb37d42cf85fc6347b1d56f8624ef1acf3c84bde4dece9fcbe06a	0.46
https://stedtdb.johnblowe.com/chap/6.2.2.6.1	200	5173	9caa253fb1d8dde46657571e9c5cbf9779e14252a070796c8076018817e49be7	0.44
https://stedtdb.johnblowe.com/chap/6.9.4	200	2452	8bb716231d7d9f10cba3b291bbde3b29d573c7fea2dc3b9385ea67363944a8e3	0.46
https://stedtdb.johnblowe.com/chap/7.1.11	200	2454	bcb3301cb0254adcf97173a018b8a98821008494323cd7ea9b416fba27c37a6b	0.43
https://stedtdb.johnblowe.com/chap/8.3.1.10.2.1	200	2476	47b8fbe46439184bcdd93bede357fc9ce9820d0d22e6b54fecf741ddb32ac4f2	0.44
https://stedtdb.johnblowe.com/chap/8.3.2.2.1	200	3600	10ee421d0094d86bf2b7894554d0c9bb3032ad9ea5dbc5e1f7b9abb715af99b8	0.43
https://stedtdb.johnblowe.com/chap/8.3.2.5.6	200	2467	3c6ddc9cc577e53e1aa9082dbdbbe319f5aa809b7fb04429bb539890a0726ee7	0.46
https://stedtdb.johnblowe.com/chap/8.3.3.4.3.2	200	2472	3e287085bc187ef4653f100c2caeff1cbcb4651cf02b2ea778b4541e66cbd4f1	0.47
https://stedtdb.johnblowe.com/chap/9.3	200	4745	41be8408fc77beead748e1879843dc27f558f474b25e484ddab45a1a96d1f729	0.45
https://stedtdb.johnblowe.com/chap/999	200	2452	d455291291baf555feaf7d7800a72fb0b4d70b6b334911140eac0fe9fff59960	0.45
https://stedtdb.johnblowe.com/gnis?t=dog	200	239477	147975a094bdb3c17250d79d244581e3daefe8230d5a7a58bc2fd79038552f2f	1.01
https://stedtdb.johnblowe.com/gnis?t=hand	200	685570	605385601064cb5c8695bea9710e8b08b9412a17a8a107e358001f266b242848	1.31
https://stedtdb.johnblowe.com/gnis?t=water	200	903950	8671e1a7e93d3453159ec47df80e43c05ef16e5a20aedebec71e5a6496abde19	1.41
https://stedtdb.johnblowe.com/gnis?t=frog%2C%20snail	200	179567	428ba763b98f71d885b69b1401a89a5edcf70bcc99de1f694866edc5fe32d39b	1.00
https://stedtdb.johnblowe.com/gnis?t=carry%20on%20back	200	39017	e3475afc12b4abb9585935520b5f163d7e5f2035f5bb6b2b1a756466c281e428	0.72
https://stedtdb.johnblowe.com/gnis?t=hit&lg=Lotha	200	16779	3269c5db49e3451ed1e5a1648a303ea624ccc1bf778888ef0e4bac42ab5b6cef	0.55
https://stedtdb.johnblowe.com/gnis?lg=Paangkhua	200	36277	d9b27b1506ba3f3e49e1285de879805a237705f12c09846fdd66ca0a86de2c9a	0.56
https://stedtdb.johnblowe.com/gnis?lg=Written%20Tibetan	200	8345	400803789bf1de39294e0482a24993301ab969a269612c8a271433d2f7e443ec	0.44
https://stedtdb.johnblowe.com/gnis?f=la	200	2647753	121aff37d941e82d4c003b52829b4a1e83a62eb2b48d56a6587c4c63f90ec7b0	2.44
https://stedtdb.johnblowe.com/gnis?f=mik	200	153951	1ca0b09b7057b8f697e89f4b1ab180973eebbb7f4d6b9d795a193fce497d58c0	0.99
https://stedtdb.johnblowe.com/gnis?f=*mik	200	153954	af72fab0ee9606d18e30b8e6fb14f1579b03953d0616c1ce82051957903f0073	0.97
https://stedtdb.johnblowe.com/gnis?s=STC	200	9300	0c5c3155dbb93a0b00b01b44ac94381f39b7a4b35f4bd65d4b72ed2cceae6ee3	0.44
https://stedtdb.johnblowe.com/gnis?lggrp=Kiranti	200	9308	1228f0572b80968cc637cd7e1ebbf91c9149762b65065399f43b61a4a4c55b3a	0.43
https://stedtdb.johnblowe.com/gnis?t=dog&lggrp=Kiranti	200	239491	cb3aace3cdb3ab5cbfd0c961b7ab4bc83a69dc34ce7b46a3d7ad7954fd4193c9	1.05
https://stedtdb.johnblowe.com/gnis?t=zzzqqq	200	7381	a2bc78478eb0c94104a56aaa58d15c8d9c34ca091289f5f9d290342a6349ec1b	0.64
https://stedtdb.johnblowe.com/gnis?t=%C5%84u	200	7385	8973c84dbde7a9c55c806bbe8da402eb773819b4da15384caa5b3e4c9c922afb	0.63
https://stedtdb.johnblowe.com/gnis?t=eye%2C%20see	200	641186	57e9347cfdb74ee82a558f0228ecf48ee8895ab2ebe06b334ee6de0e2493e4bc	1.42
https://stedtdb.johnblowe.com/gnis?t=fish	200	370832	06ae2ed4b6385ef55ae6923b37e4c508587a7a082e78331936c721c9eb2c9148	1.11
https://stedtdb.johnblowe.com/gnis?t=bird	200	463251	0955e59ac90433196611b472d52c7001dd6f4fc0454ee88238f98a20c0e72797	1.18
https://stedtdb.johnblowe.com/gnis?t=two	200	466300	93fe0f63373761d968061f968cf91b31370b7377c4c1dbf5ab2551789cdee5ee	1.24
https://stedtdb.johnblowe.com/styles/rootcanal.css	200	9016	f6278c2eb542c8bd19b941fb920fe3ba0bde9cbf38f589791521064f3a06304c	0.30
https://stedtdb.johnblowe.com/styles/autoSuggest.css	200	4750	225837c930f4334bb2882f0ae79a1f17bb786a854922162ca32714c5c459d1bd	0.28
https://stedtdb.johnblowe.com/styles/opentip.css	200	9769	6c5093ae4cb247e36b6aa10063f7bad9b44e523700112878a2d6377bb479b4b1	0.30
https://stedtdb.johnblowe.com/js/stedtconfig.js	200	28543	3a454422eb2f885aad95c64df256fc8ec7910d13d48e68d1cd015529d52543a2	0.35
