category	url	file	why
index	https://stedtdb.johnblowe.com/	pages/home.html	splash page
index	https://stedtdb.johnblowe.com/gnis	pages/gnis-form.html	full search form
index	https://stedtdb.johnblowe.com/chapters	pages/chapters.html	chapter browser index
index	https://stedtdb.johnblowe.com/source	pages/source-index.html	source bibliography index
etymon	https://stedtdb.johnblowe.com/etymon/4	pages/etymon/4.html	exemplary
etymon	https://stedtdb.johnblowe.com/etymon/8	pages/etymon/8.html	exemplary
etymon	https://stedtdb.johnblowe.com/etymon/14	pages/etymon/14.html	exemplary
etymon	https://stedtdb.johnblowe.com/etymon/17	pages/etymon/17.html	exemplary
etymon	https://stedtdb.johnblowe.com/etymon/18	pages/etymon/18.html	exemplary
etymon	https://stedtdb.johnblowe.com/etymon/19	pages/etymon/19.html	exemplary
etymon	https://stedtdb.johnblowe.com/etymon/20	pages/etymon/20.html	exemplary
etymon	https://stedtdb.johnblowe.com/etymon/27	pages/etymon/27.html	largest (627 reflexes)
etymon	https://stedtdb.johnblowe.com/etymon/30	pages/etymon/30.html	exemplary
etymon	https://stedtdb.johnblowe.com/etymon/31	pages/etymon/31.html	exemplary
etymon	https://stedtdb.johnblowe.com/etymon/32	pages/etymon/32.html	largest (680 reflexes)
etymon	https://stedtdb.johnblowe.com/etymon/33	pages/etymon/33.html	protoform alternation (star logic)
etymon	https://stedtdb.johnblowe.com/etymon/34	pages/etymon/34.html	largest (1234 reflexes)
etymon	https://stedtdb.johnblowe.com/etymon/39	pages/etymon/39.html	exemplary
etymon	https://stedtdb.johnblowe.com/etymon/40	pages/etymon/40.html	exemplary
etymon	https://stedtdb.johnblowe.com/etymon/41	pages/etymon/41.html	exemplary
etymon	https://stedtdb.johnblowe.com/etymon/42	pages/etymon/42.html	exemplary
etymon	https://stedtdb.johnblowe.com/etymon/43	pages/etymon/43.html	exemplary
etymon	https://stedtdb.johnblowe.com/etymon/44	pages/etymon/44.html	exemplary
etymon	https://stedtdb.johnblowe.com/etymon/48	pages/etymon/48.html	exemplary
etymon	https://stedtdb.johnblowe.com/etymon/60	pages/etymon/60.html	exemplary
etymon	https://stedtdb.johnblowe.com/etymon/65	pages/etymon/65.html	exemplary
etymon	https://stedtdb.johnblowe.com/etymon/67	pages/etymon/67.html	exemplary
etymon	https://stedtdb.johnblowe.com/etymon/69	pages/etymon/69.html	protoform alternation (star logic)
etymon	https://stedtdb.johnblowe.com/etymon/71	pages/etymon/71.html	protoform alternation (star logic)
etymon	https://stedtdb.johnblowe.com/etymon/85	pages/etymon/85.html	largest (977 reflexes)
etymon	https://stedtdb.johnblowe.com/etymon/96	pages/etymon/96.html	zero reflexes
etymon	https://stedtdb.johnblowe.com/etymon/98	pages/etymon/98.html	random fill
etymon	https://stedtdb.johnblowe.com/etymon/126	pages/etymon/126.html	largest (601 reflexes)
etymon	https://stedtdb.johnblowe.com/etymon/127	pages/etymon/127.html	largest (737 reflexes)
etymon	https://stedtdb.johnblowe.com/etymon/153	pages/etymon/153.html	bracketed note
etymon	https://stedtdb.johnblowe.com/etymon/176	pages/etymon/176.html	tiny (1-3 reflexes)
etymon	https://stedtdb.johnblowe.com/etymon/187	pages/etymon/187.html	chapter spread (1.2.6.7)
etymon	https://stedtdb.johnblowe.com/etymon/191	pages/etymon/191.html	HPTB-linked
etymon	https://stedtdb.johnblowe.com/etymon/201	pages/etymon/201.html	longest notes (71 ch)
etymon	https://stedtdb.johnblowe.com/etymon/206	pages/etymon/206.html	has allofams
etymon	https://stedtdb.johnblowe.com/etymon/209	pages/etymon/209.html	random fill
etymon	https://stedtdb.johnblowe.com/etymon/230	pages/etymon/230.html	largest (895 reflexes)
etymon	https://stedtdb.johnblowe.com/etymon/232	pages/etymon/232.html	largest (731 reflexes)
etymon	https://stedtdb.johnblowe.com/etymon/243	pages/etymon/243.html	HPTB-linked
etymon	https://stedtdb.johnblowe.com/etymon/274	pages/etymon/274.html	random fill
etymon	https://stedtdb.johnblowe.com/etymon/281	pages/etymon/281.html	tiny (1-3 reflexes)
etymon	https://stedtdb.johnblowe.com/etymon/298	pages/etymon/298.html	longest notes (118 ch)
etymon	https://stedtdb.johnblowe.com/etymon/302	pages/etymon/302.html	chapter spread (2.2.6)
etymon	https://stedtdb.johnblowe.com/etymon/303	pages/etymon/303.html	has mesoroots
etymon	https://stedtdb.johnblowe.com/etymon/358	pages/etymon/358.html	random fill
etymon	https://stedtdb.johnblowe.com/etymon/360	pages/etymon/360.html	tiny (1-3 reflexes)
etymon	https://stedtdb.johnblowe.com/etymon/363	pages/etymon/363.html	largest (1027 reflexes)
etymon	https://stedtdb.johnblowe.com/etymon/366	pages/etymon/366.html	largest (606 reflexes)
etymon	https://stedtdb.johnblowe.com/etymon/376	pages/etymon/376.html	zero reflexes
etymon	https://stedtdb.johnblowe.com/etymon/379	pages/etymon/379.html	chapter spread (8.3.3.8.2)
etymon	https://stedtdb.johnblowe.com/etymon/385	pages/etymon/385.html	largest (687 reflexes)
etymon	https://stedtdb.johnblowe.com/etymon/397	pages/etymon/397.html	tiny (1-3 reflexes)
etymon	https://stedtdb.johnblowe.com/etymon/398	pages/etymon/398.html	has allofams
etymon	https://stedtdb.johnblowe.com/etymon/422	pages/etymon/422.html	protoform alternation (star logic)
etymon	https://stedtdb.johnblowe.com/etymon/426	pages/etymon/426.html	tiny (1-3 reflexes)
etymon	https://stedtdb.johnblowe.com/etymon/428	pages/etymon/428.html	zero reflexes
etymon	https://stedtdb.johnblowe.com/etymon/436	pages/etymon/436.html	protoform alternation (star logic)
etymon	https://stedtdb.johnblowe.com/etymon/444	pages/etymon/444.html	cf-xref note
etymon	https://stedtdb.johnblowe.com/etymon/477	pages/etymon/477.html	quoted note
etymon	https://stedtdb.johnblowe.com/etymon/482	pages/etymon/482.html	zero reflexes
etymon	https://stedtdb.johnblowe.com/etymon/489	pages/etymon/489.html	protoform alternation (star logic)
etymon	https://stedtdb.johnblowe.com/etymon/494	pages/etymon/494.html	random fill
etymon	https://stedtdb.johnblowe.com/etymon/512	pages/etymon/512.html	random fill
etymon	https://stedtdb.johnblowe.com/etymon/518	pages/etymon/518.html	tiny (1-3 reflexes)
etymon	https://stedtdb.johnblowe.com/etymon/535	pages/etymon/535.html	chapter spread (1.6.6)
etymon	https://stedtdb.johnblowe.com/etymon/561	pages/etymon/561.html	random fill
etymon	https://stedtdb.johnblowe.com/etymon/572	pages/etymon/572.html	largest (880 reflexes)
etymon	https://stedtdb.johnblowe.com/etymon/621	pages/etymon/621.html	protoform alternation (star logic)
etymon	https://stedtdb.johnblowe.com/etymon/632	pages/etymon/632.html	largest (693 reflexes)
etymon	https://stedtdb.johnblowe.com/etymon/634	pages/etymon/634.html	chapter spread (1.3.4.1)
etymon	https://stedtdb.johnblowe.com/etymon/650	pages/etymon/650.html	largest (549 reflexes)
etymon	https://stedtdb.johnblowe.com/etymon/652	pages/etymon/652.html	has allofams
etymon	https://stedtdb.johnblowe.com/etymon/667	pages/etymon/667.html	chapter spread (1.9.5)
etymon	https://stedtdb.johnblowe.com/etymon/674	pages/etymon/674.html	zero reflexes
etymon	https://stedtdb.johnblowe.com/etymon/677	pages/etymon/677.html	HPTB-linked
etymon	https://stedtdb.johnblowe.com/etymon/681	pages/etymon/681.html	largest (990 reflexes)
etymon	https://stedtdb.johnblowe.com/etymon/682	pages/etymon/682.html	largest (1262 reflexes)
etymon	https://stedtdb.johnblowe.com/etymon/689	pages/etymon/689.html	zero reflexes
etymon	https://stedtdb.johnblowe.com/etymon/692	pages/etymon/692.html	longest notes (64 ch)
etymon	https://stedtdb.johnblowe.com/etymon/695	pages/etymon/695.html	largest (1837 reflexes)
etymon	https://stedtdb.johnblowe.com/etymon/700	pages/etymon/700.html	bracketed note
etymon	https://stedtdb.johnblowe.com/etymon/702	pages/etymon/702.html	random fill
etymon	https://stedtdb.johnblowe.com/etymon/707	pages/etymon/707.html	longest notes (68 ch)
etymon	https://stedtdb.johnblowe.com/etymon/753	pages/etymon/753.html	zero reflexes
etymon	https://stedtdb.johnblowe.com/etymon/776	pages/etymon/776.html	has mesoroots
etymon	https://stedtdb.johnblowe.com/etymon/803	pages/etymon/803.html	largest (1003 reflexes)
etymon	https://stedtdb.johnblowe.com/etymon/811	pages/etymon/811.html	largest (1217 reflexes)
etymon	https://stedtdb.johnblowe.com/etymon/814	pages/etymon/814.html	random fill
etymon	https://stedtdb.johnblowe.com/etymon/816	pages/etymon/816.html	random fill
etymon	https://stedtdb.johnblowe.com/etymon/1006	pages/etymon/1006.html	largest (992 reflexes)
etymon	https://stedtdb.johnblowe.com/etymon/1016	pages/etymon/1016.html	largest (747 reflexes)
etymon	https://stedtdb.johnblowe.com/etymon/1018	pages/etymon/1018.html	chapter spread (6.4)
etymon	https://stedtdb.johnblowe.com/etymon/1019	pages/etymon/1019.html	largest (541 reflexes)
etymon	https://stedtdb.johnblowe.com/etymon/1126	pages/etymon/1126.html	random fill
etymon	https://stedtdb.johnblowe.com/etymon/1145	pages/etymon/1145.html	longest notes (72 ch)
etymon	https://stedtdb.johnblowe.com/etymon/1212	pages/etymon/1212.html	has allofams
etymon	https://stedtdb.johnblowe.com/etymon/1213	pages/etymon/1213.html	has allofams
etymon	https://stedtdb.johnblowe.com/etymon/1217	pages/etymon/1217.html	has allofams
etymon	https://stedtdb.johnblowe.com/etymon/1255	pages/etymon/1255.html	has allofams
etymon	https://stedtdb.johnblowe.com/etymon/1269	pages/etymon/1269.html	largest (617 reflexes)
etymon	https://stedtdb.johnblowe.com/etymon/1285	pages/etymon/1285.html	zero reflexes
etymon	https://stedtdb.johnblowe.com/etymon/1288	pages/etymon/1288.html	largest (582 reflexes)
etymon	https://stedtdb.johnblowe.com/etymon/1289	pages/etymon/1289.html	chapter spread (1.5.1.2.3)
etymon	https://stedtdb.johnblowe.com/etymon/1293	pages/etymon/1293.html	random fill
etymon	https://stedtdb.johnblowe.com/etymon/1306	pages/etymon/1306.html	largest (546 reflexes)
etymon	https://stedtdb.johnblowe.com/etymon/1390	pages/etymon/1390.html	largest (556 reflexes)
etymon	https://stedtdb.johnblowe.com/etymon/1415	pages/etymon/1415.html	largest (568 reflexes)
etymon	https://stedtdb.johnblowe.com/etymon/1417	pages/etymon/1417.html	HPTB-linked
etymon	https://stedtdb.johnblowe.com/etymon/1431	pages/etymon/1431.html	largest (617 reflexes)
etymon	https://stedtdb.johnblowe.com/etymon/1438	pages/etymon/1438.html	tiny (1-3 reflexes)
etymon	https://stedtdb.johnblowe.com/etymon/1455	pages/etymon/1455.html	largest (590 reflexes)
etymon	https://stedtdb.johnblowe.com/etymon/1470	pages/etymon/1470.html	random fill
etymon	https://stedtdb.johnblowe.com/etymon/1603	pages/etymon/1603.html	largest (543 reflexes)
etymon	https://stedtdb.johnblowe.com/etymon/1606	pages/etymon/1606.html	largest (584 reflexes)
etymon	https://stedtdb.johnblowe.com/etymon/1611	pages/etymon/1611.html	random fill
etymon	https://stedtdb.johnblowe.com/etymon/1619	pages/etymon/1619.html	has allofams
etymon	https://stedtdb.johnblowe.com/etymon/1623	pages/etymon/1623.html	has allofams
etymon	https://stedtdb.johnblowe.com/etymon/1624	pages/etymon/1624.html	chapter spread (1.9.7)
etymon	https://stedtdb.johnblowe.com/etymon/1632	pages/etymon/1632.html	protoform alternation (star logic)
etymon	https://stedtdb.johnblowe.com/etymon/1634	pages/etymon/1634.html	has allofams
etymon	https://stedtdb.johnblowe.com/etymon/1705	pages/etymon/1705.html	provisional/public=0
etymon	https://stedtdb.johnblowe.com/etymon/1733	pages/etymon/1733.html	longest notes (67 ch)
etymon	https://stedtdb.johnblowe.com/etymon/1735	pages/etymon/1735.html	tiny (1-3 reflexes)
etymon	https://stedtdb.johnblowe.com/etymon/1764	pages/etymon/1764.html	largest (779 reflexes)
etymon	https://stedtdb.johnblowe.com/etymon/1772	pages/etymon/1772.html	has allofams
etymon	https://stedtdb.johnblowe.com/etymon/1788	pages/etymon/1788.html	longest notes (81 ch)
etymon	https://stedtdb.johnblowe.com/etymon/1821	pages/etymon/1821.html	zero reflexes
etymon	https://stedtdb.johnblowe.com/etymon/1859	pages/etymon/1859.html	tiny (1-3 reflexes)
etymon	https://stedtdb.johnblowe.com/etymon/1902	pages/etymon/1902.html	random fill
etymon	https://stedtdb.johnblowe.com/etymon/2005	pages/etymon/2005.html	tiny (1-3 reflexes)
etymon	https://stedtdb.johnblowe.com/etymon/2060	pages/etymon/2060.html	HPTB-linked
etymon	https://stedtdb.johnblowe.com/etymon/2067	pages/etymon/2067.html	longest notes (58 ch)
etymon	https://stedtdb.johnblowe.com/etymon/2070	pages/etymon/2070.html	has mesoroots
etymon	https://stedtdb.johnblowe.com/etymon/2073	pages/etymon/2073.html	chapter spread (1.2.6.1)
etymon	https://stedtdb.johnblowe.com/etymon/2088	pages/etymon/2088.html	random fill
etymon	https://stedtdb.johnblowe.com/etymon/2106	pages/etymon/2106.html	has allofams
etymon	https://stedtdb.johnblowe.com/etymon/2118	pages/etymon/2118.html	chapter spread (9.2.5)
etymon	https://stedtdb.johnblowe.com/etymon/2130	pages/etymon/2130.html	random fill
etymon	https://stedtdb.johnblowe.com/etymon/2136	pages/etymon/2136.html	largest (549 reflexes)
etymon	https://stedtdb.johnblowe.com/etymon/2143	pages/etymon/2143.html	HPTB-linked
etymon	https://stedtdb.johnblowe.com/etymon/2159	pages/etymon/2159.html	HPTB-linked
etymon	https://stedtdb.johnblowe.com/etymon/2193	pages/etymon/2193.html	chapter spread (8.3)
etymon	https://stedtdb.johnblowe.com/etymon/2197	pages/etymon/2197.html	cf-xref note
etymon	https://stedtdb.johnblowe.com/etymon/2256	pages/etymon/2256.html	has mesoroots
etymon	https://stedtdb.johnblowe.com/etymon/2265	pages/etymon/2265.html	random fill
etymon	https://stedtdb.johnblowe.com/etymon/2304	pages/etymon/2304.html	cf-xref note
etymon	https://stedtdb.johnblowe.com/etymon/2316	pages/etymon/2316.html	cf-xref note
etymon	https://stedtdb.johnblowe.com/etymon/2337	pages/etymon/2337.html	has mesoroots
etymon	https://stedtdb.johnblowe.com/etymon/2355	pages/etymon/2355.html	longest notes (70 ch)
etymon	https://stedtdb.johnblowe.com/etymon/2400	pages/etymon/2400.html	has mesoroots
etymon	https://stedtdb.johnblowe.com/etymon/2408	pages/etymon/2408.html	cf-xref note
etymon	https://stedtdb.johnblowe.com/etymon/2409	pages/etymon/2409.html	largest (618 reflexes)
etymon	https://stedtdb.johnblowe.com/etymon/2417	pages/etymon/2417.html	HPTB-linked
etymon	https://stedtdb.johnblowe.com/etymon/2428	pages/etymon/2428.html	HPTB-linked
etymon	https://stedtdb.johnblowe.com/etymon/2436	pages/etymon/2436.html	largest (536 reflexes)
etymon	https://stedtdb.johnblowe.com/etymon/2440	pages/etymon/2440.html	random fill
etymon	https://stedtdb.johnblowe.com/etymon/2465	pages/etymon/2465.html	longest notes (59 ch)
etymon	https://stedtdb.johnblowe.com/etymon/2473	pages/etymon/2473.html	largest (848 reflexes)
etymon	https://stedtdb.johnblowe.com/etymon/2477	pages/etymon/2477.html	random fill
etymon	https://stedtdb.johnblowe.com/etymon/2489	pages/etymon/2489.html	HPTB-linked
etymon	https://stedtdb.johnblowe.com/etymon/2499	pages/etymon/2499.html	has mesoroots
etymon	https://stedtdb.johnblowe.com/etymon/2504	pages/etymon/2504.html	largest (867 reflexes)
etymon	https://stedtdb.johnblowe.com/etymon/2517	pages/etymon/2517.html	longest notes (65 ch)
etymon	https://stedtdb.johnblowe.com/etymon/2531	pages/etymon/2531.html	chapter spread (9.4)
etymon	https://stedtdb.johnblowe.com/etymon/2594	pages/etymon/2594.html	zero reflexes
etymon	https://stedtdb.johnblowe.com/etymon/2610	pages/etymon/2610.html	longest notes (64 ch)
etymon	https://stedtdb.johnblowe.com/etymon/2621	pages/etymon/2621.html	longest notes (72 ch)
etymon	https://stedtdb.johnblowe.com/etymon/2625	pages/etymon/2625.html	HPTB-linked
etymon	https://stedtdb.johnblowe.com/etymon/2638	pages/etymon/2638.html	HPTB-linked
etymon	https://stedtdb.johnblowe.com/etymon/2658	pages/etymon/2658.html	largest (1293 reflexes)
etymon	https://stedtdb.johnblowe.com/etymon/2666	pages/etymon/2666.html	largest (558 reflexes)
etymon	https://stedtdb.johnblowe.com/etymon/2670	pages/etymon/2670.html	HPTB-linked
etymon	https://stedtdb.johnblowe.com/etymon/2671	pages/etymon/2671.html	longest notes (77 ch)
etymon	https://stedtdb.johnblowe.com/etymon/2692	pages/etymon/2692.html	longest notes (71 ch)
etymon	https://stedtdb.johnblowe.com/etymon/2722	pages/etymon/2722.html	longest notes (73 ch)
etymon	https://stedtdb.johnblowe.com/etymon/2741	pages/etymon/2741.html	longest notes (59 ch)
etymon	https://stedtdb.johnblowe.com/etymon/2748	pages/etymon/2748.html	largest (740 reflexes)
etymon	https://stedtdb.johnblowe.com/etymon/2780	pages/etymon/2780.html	HPTB-linked
etymon	https://stedtdb.johnblowe.com/etymon/2791	pages/etymon/2791.html	longest notes (59 ch)
etymon	https://stedtdb.johnblowe.com/etymon/2798	pages/etymon/2798.html	random fill
etymon	https://stedtdb.johnblowe.com/etymon/3288	pages/etymon/3288.html	chapter spread (1.6.1.3)
etymon	https://stedtdb.johnblowe.com/etymon/3300	pages/etymon/3300.html	chapter spread (1.1.6)
etymon	https://stedtdb.johnblowe.com/etymon/3328	pages/etymon/3328.html	chapter spread (3.1.7)
etymon	https://stedtdb.johnblowe.com/etymon/3331	pages/etymon/3331.html	chapter spread (1.4.10)
etymon	https://stedtdb.johnblowe.com/etymon/3368	pages/etymon/3368.html	chapter spread (1.4.6)
etymon	https://stedtdb.johnblowe.com/etymon/3375	pages/etymon/3375.html	random fill
etymon	https://stedtdb.johnblowe.com/etymon/3379	pages/etymon/3379.html	chapter spread (1.4.4.4)
etymon	https://stedtdb.johnblowe.com/etymon/3436	pages/etymon/3436.html	has mesoroots
etymon	https://stedtdb.johnblowe.com/etymon/3451	pages/etymon/3451.html	longest notes (80 ch)
etymon	https://stedtdb.johnblowe.com/etymon/3465	pages/etymon/3465.html	cf-xref note
etymon	https://stedtdb.johnblowe.com/etymon/3497	pages/etymon/3497.html	chapter spread (1.9.3)
etymon	https://stedtdb.johnblowe.com/etymon/3537	pages/etymon/3537.html	random fill
etymon	https://stedtdb.johnblowe.com/etymon/3553	pages/etymon/3553.html	chapter spread (1.8.5.2)
etymon	https://stedtdb.johnblowe.com/etymon/3560	pages/etymon/3560.html	has mesoroots
etymon	https://stedtdb.johnblowe.com/etymon/3569	pages/etymon/3569.html	has mesoroots
etymon	https://stedtdb.johnblowe.com/etymon/3584	pages/etymon/3584.html	longest notes (60 ch)
etymon	https://stedtdb.johnblowe.com/etymon/3589	pages/etymon/3589.html	protoform alternation (star logic)
etymon	https://stedtdb.johnblowe.com/etymon/3597	pages/etymon/3597.html	chapter spread (6.1.1.4.1)
etymon	https://stedtdb.johnblowe.com/etymon/3605	pages/etymon/3605.html	random fill
etymon	https://stedtdb.johnblowe.com/etymon/4002	pages/etymon/4002.html	chapter spread (6.13.2)
etymon	https://stedtdb.johnblowe.com/etymon/4014	pages/etymon/4014.html	chapter spread (6.19)
etymon	https://stedtdb.johnblowe.com/etymon/4025	pages/etymon/4025.html	random fill
etymon	https://stedtdb.johnblowe.com/etymon/4057	pages/etymon/4057.html	chapter spread (8.5.10)
etymon	https://stedtdb.johnblowe.com/etymon/4093	pages/etymon/4093.html	provisional/public=0
etymon	https://stedtdb.johnblowe.com/etymon/4106	pages/etymon/4106.html	random fill
etymon	https://stedtdb.johnblowe.com/etymon/4161	pages/etymon/4161.html	quoted note
etymon	https://stedtdb.johnblowe.com/etymon/4205	pages/etymon/4205.html	chapter spread (1.6.1.2)
etymon	https://stedtdb.johnblowe.com/etymon/4282	pages/etymon/4282.html	provisional/public=0
etymon	https://stedtdb.johnblowe.com/etymon/4308	pages/etymon/4308.html	provisional/public=0
etymon	https://stedtdb.johnblowe.com/etymon/4326	pages/etymon/4326.html	random fill
etymon	https://stedtdb.johnblowe.com/etymon/4362	pages/etymon/4362.html	random fill
etymon	https://stedtdb.johnblowe.com/etymon/4368	pages/etymon/4368.html	provisional/public=0
etymon	https://stedtdb.johnblowe.com/etymon/4468	pages/etymon/4468.html	random fill
etymon	https://stedtdb.johnblowe.com/etymon/4521	pages/etymon/4521.html	random fill
etymon	https://stedtdb.johnblowe.com/etymon/4543	pages/etymon/4543.html	protoform alternation (star logic)
etymon	https://stedtdb.johnblowe.com/etymon/4558	pages/etymon/4558.html	chapter spread (5.0)
etymon	https://stedtdb.johnblowe.com/etymon/4576	pages/etymon/4576.html	random fill
etymon	https://stedtdb.johnblowe.com/etymon/4601	pages/etymon/4601.html	provisional/public=0
etymon	https://stedtdb.johnblowe.com/etymon/4608	pages/etymon/4608.html	chapter spread (1.2.1.2)
etymon	https://stedtdb.johnblowe.com/etymon/4643	pages/etymon/4643.html	chapter spread (8.5.13)
etymon	https://stedtdb.johnblowe.com/etymon/4652	pages/etymon/4652.html	protoform alternation (star logic)
etymon	https://stedtdb.johnblowe.com/etymon/4664	pages/etymon/4664.html	chapter spread (6.2.2.5.1)
etymon	https://stedtdb.johnblowe.com/etymon/4720	pages/etymon/4720.html	random fill
etymon	https://stedtdb.johnblowe.com/etymon/4777	pages/etymon/4777.html	random fill
etymon	https://stedtdb.johnblowe.com/etymon/4782	pages/etymon/4782.html	protoform alternation (star logic)
etymon	https://stedtdb.johnblowe.com/etymon/4865	pages/etymon/4865.html	protoform alternation (star logic)
etymon	https://stedtdb.johnblowe.com/etymon/4934	pages/etymon/4934.html	quoted note
etymon	https://stedtdb.johnblowe.com/etymon/4942	pages/etymon/4942.html	quoted note
etymon	https://stedtdb.johnblowe.com/etymon/5062	pages/etymon/5062.html	quoted note
etymon	https://stedtdb.johnblowe.com/etymon/5070	pages/etymon/5070.html	quoted note
etymon	https://stedtdb.johnblowe.com/etymon/5101	pages/etymon/5101.html	chapter spread (2.4.3)
etymon	https://stedtdb.johnblowe.com/etymon/5168	pages/etymon/5168.html	random fill
etymon	https://stedtdb.johnblowe.com/etymon/5194	pages/etymon/5194.html	chapter spread (3.2.10)
etymon	https://stedtdb.johnblowe.com/etymon/5216	pages/etymon/5216.html	chapter spread (4.2)
etymon	https://stedtdb.johnblowe.com/etymon/5221	pages/etymon/5221.html	random fill
etymon	https://stedtdb.johnblowe.com/etymon/5248	pages/etymon/5248.html	random fill
etymon	https://stedtdb.johnblowe.com/etymon/5250	pages/etymon/5250.html	chapter spread (1.4.4.1)
etymon	https://stedtdb.johnblowe.com/etymon/5280	pages/etymon/5280.html	quoted note
etymon	https://stedtdb.johnblowe.com/etymon/5282	pages/etymon/5282.html	random fill
etymon	https://stedtdb.johnblowe.com/etymon/5310	pages/etymon/5310.html	random fill
etymon	https://stedtdb.johnblowe.com/etymon/5317	pages/etymon/5317.html	quoted note
etymon	https://stedtdb.johnblowe.com/etymon/5407	pages/etymon/5407.html	chapter spread (3.1.10)
etymon	https://stedtdb.johnblowe.com/etymon/5426	pages/etymon/5426.html	longest notes (66 ch)
etymon	https://stedtdb.johnblowe.com/etymon/5429	pages/etymon/5429.html	random fill
etymon	https://stedtdb.johnblowe.com/etymon/5441	pages/etymon/5441.html	chapter spread (8.3.2.2.1)
etymon	https://stedtdb.johnblowe.com/etymon/5462	pages/etymon/5462.html	chapter spread (5.11.8.2.1)
etymon	https://stedtdb.johnblowe.com/etymon/5521	pages/etymon/5521.html	longest notes (63 ch)
etymon	https://stedtdb.johnblowe.com/etymon/5531	pages/etymon/5531.html	random fill
etymon	https://stedtdb.johnblowe.com/etymon/5545	pages/etymon/5545.html	random fill
etymon	https://stedtdb.johnblowe.com/etymon/5578	pages/etymon/5578.html	chapter spread (6.1.1.6)
etymon	https://stedtdb.johnblowe.com/etymon/5595	pages/etymon/5595.html	random fill
etymon	https://stedtdb.johnblowe.com/etymon/5612	pages/etymon/5612.html	random fill
etymon	https://stedtdb.johnblowe.com/etymon/5646	pages/etymon/5646.html	random fill
etymon	https://stedtdb.johnblowe.com/etymon/5735	pages/etymon/5735.html	chapter spread (10.5.3)
etymon	https://stedtdb.johnblowe.com/etymon/5774	pages/etymon/5774.html	chapter spread (6.2.2.9.2)
etymon	https://stedtdb.johnblowe.com/etymon/5777	pages/etymon/5777.html	chapter spread (4.2.11)
etymon	https://stedtdb.johnblowe.com/etymon/5822	pages/etymon/5822.html	random fill
etymon	https://stedtdb.johnblowe.com/etymon/5828	pages/etymon/5828.html	random fill
etymon	https://stedtdb.johnblowe.com/etymon/6011	pages/etymon/6011.html	random fill
etymon	https://stedtdb.johnblowe.com/etymon/6068	pages/etymon/6068.html	random fill
etymon	https://stedtdb.johnblowe.com/etymon/6112	pages/etymon/6112.html	chapter spread (2.1.6.1)
etymon	https://stedtdb.johnblowe.com/etymon/6154	pages/etymon/6154.html	chapter spread (7.1.3)
etymon	https://stedtdb.johnblowe.com/etymon/6188	pages/etymon/6188.html	has mesoroots
etymon	https://stedtdb.johnblowe.com/etymon/6203	pages/etymon/6203.html	provisional/public=0
etymon	https://stedtdb.johnblowe.com/etymon/6211	pages/etymon/6211.html	provisional/public=0
etymon	https://stedtdb.johnblowe.com/etymon/6269	pages/etymon/6269.html	chapter spread (5.3)
etymon	https://stedtdb.johnblowe.com/etymon/6290	pages/etymon/6290.html	random fill
etymon	https://stedtdb.johnblowe.com/etymon/6305	pages/etymon/6305.html	provisional/public=0
etymon	https://stedtdb.johnblowe.com/etymon/6328	pages/etymon/6328.html	random fill
etymon	https://stedtdb.johnblowe.com/etymon/6399	pages/etymon/6399.html	chapter spread (9.10.2)
etymon	https://stedtdb.johnblowe.com/etymon/6419	pages/etymon/6419.html	random fill
etymon	https://stedtdb.johnblowe.com/etymon/6493	pages/etymon/6493.html	provisional/public=0
etymon	https://stedtdb.johnblowe.com/etymon/6523	pages/etymon/6523.html	protoform alternation (star logic)
etymon	https://stedtdb.johnblowe.com/etymon/6541	pages/etymon/6541.html	random fill
etymon	https://stedtdb.johnblowe.com/etymon/6601	pages/etymon/6601.html	random fill
etymon	https://stedtdb.johnblowe.com/etymon/6607	pages/etymon/6607.html	provisional/public=0
etymon	https://stedtdb.johnblowe.com/etymon/6654	pages/etymon/6654.html	provisional/public=0
etymon	https://stedtdb.johnblowe.com/etymon/6680	pages/etymon/6680.html	chapter spread (9.2.4)
etymon	https://stedtdb.johnblowe.com/etymon/6708	pages/etymon/6708.html	provisional/public=0
etymon	https://stedtdb.johnblowe.com/etymon/6717	pages/etymon/6717.html	provisional/public=0
etymon	https://stedtdb.johnblowe.com/etymon/6720	pages/etymon/6720.html	longest notes (59 ch)
etymon	https://stedtdb.johnblowe.com/etymon/6725	pages/etymon/6725.html	random fill
etymon	https://stedtdb.johnblowe.com/etymon/6782	pages/etymon/6782.html	random fill
etymon	https://stedtdb.johnblowe.com/etymon/6807	pages/etymon/6807.html	provisional/public=0
etymon	https://stedtdb.johnblowe.com/etymon/7014	pages/etymon/7014.html	chapter spread (7.1.5.1)
etymon	https://stedtdb.johnblowe.com/etymon/7108	pages/etymon/7108.html	random fill
etymon	https://stedtdb.johnblowe.com/etymon/7135	pages/etymon/7135.html	random fill
etymon	https://stedtdb.johnblowe.com/etymon/7141	pages/etymon/7141.html	random fill
etymon	https://stedtdb.johnblowe.com/etymon/7248	pages/etymon/7248.html	random fill
etymon	https://stedtdb.johnblowe.com/etymon/7272	pages/etymon/7272.html	chapter spread (1.7.6.1)
etymon	https://stedtdb.johnblowe.com/etymon/7348	pages/etymon/7348.html	chapter spread (3.1.5.1)
etymon	https://stedtdb.johnblowe.com/etymon/7380	pages/etymon/7380.html	chapter spread (8.3.2.3.1)
etymon	https://stedtdb.johnblowe.com/etymon/7432	pages/etymon/7432.html	chapter spread (6.2.2.3.1)
etymon	https://stedtdb.johnblowe.com/etymon/7438	pages/etymon/7438.html	chapter spread (1.1.2)
etymon	https://stedtdb.johnblowe.com/etymon/7487	pages/etymon/7487.html	chapter spread (5.11.4)
etymon	https://stedtdb.johnblowe.com/etymon/7738	pages/etymon/7738.html	chapter spread (10.4.2)
etymon	https://stedtdb.johnblowe.com/etymon/7801	pages/etymon/7801.html	chapter spread (8.3.3.4.3)
etymon	https://stedtdb.johnblowe.com/etymon/8007	pages/etymon/8007.html	chapter spread (8.5.10.2)
etymon	https://stedtdb.johnblowe.com/etymon/8018	pages/etymon/8018.html	random fill
language	https://stedtdb.johnblowe.com/gnis?lexicon.lgid=100	pages/language/100.html	quoted proto-lect name
language	https://stedtdb.johnblowe.com/gnis?lexicon.lgid=101	pages/language/101.html	quoted proto-lect name
language	https://stedtdb.johnblowe.com/gnis?lexicon.lgid=154	pages/language/154.html	tiny language
language	https://stedtdb.johnblowe.com/gnis?lexicon.lgid=159	pages/language/159.html	long language notes
language	https://stedtdb.johnblowe.com/gnis?lexicon.lgid=237	pages/language/237.html	long language notes
language	https://stedtdb.johnblowe.com/gnis?lexicon.lgid=350	pages/language/350.html	largest (6485 reflexes)
language	https://stedtdb.johnblowe.com/gnis?lexicon.lgid=406	pages/language/406.html	largest (4096 reflexes)
language	https://stedtdb.johnblowe.com/gnis?lexicon.lgid=446	pages/language/446.html	tiny language
language	https://stedtdb.johnblowe.com/gnis?lexicon.lgid=473	pages/language/473.html	tiny language
language	https://stedtdb.johnblowe.com/gnis?lexicon.lgid=486	pages/language/486.html	random fill
language	https://stedtdb.johnblowe.com/gnis?lexicon.lgid=562	pages/language/562.html	random fill
language	https://stedtdb.johnblowe.com/gnis?lexicon.lgid=586	pages/language/586.html	random fill
language	https://stedtdb.johnblowe.com/gnis?lexicon.lgid=608	pages/language/608.html	random fill
language	https://stedtdb.johnblowe.com/gnis?lexicon.lgid=716	pages/language/716.html	random fill
language	https://stedtdb.johnblowe.com/gnis?lexicon.lgid=766	pages/language/766.html	long language notes
language	https://stedtdb.johnblowe.com/gnis?lexicon.lgid=872	pages/language/872.html	random fill
language	https://stedtdb.johnblowe.com/gnis?lexicon.lgid=946	pages/language/946.html	largest (10496 reflexes)
language	https://stedtdb.johnblowe.com/gnis?lexicon.lgid=968	pages/language/968.html	long language notes
language	https://stedtdb.johnblowe.com/gnis?lexicon.lgid=1010	pages/language/1010.html	long language notes
language	https://stedtdb.johnblowe.com/gnis?lexicon.lgid=1107	pages/language/1107.html	random fill
language	https://stedtdb.johnblowe.com/gnis?lexicon.lgid=1108	pages/language/1108.html	random fill
language	https://stedtdb.johnblowe.com/gnis?lexicon.lgid=1139	pages/language/1139.html	tiny language
language	https://stedtdb.johnblowe.com/gnis?lexicon.lgid=1273	pages/language/1273.html	random fill
language	https://stedtdb.johnblowe.com/gnis?lexicon.lgid=1303	pages/language/1303.html	long language notes
language	https://stedtdb.johnblowe.com/gnis?lexicon.lgid=1507	pages/language/1507.html	long language notes
language	https://stedtdb.johnblowe.com/gnis?lexicon.lgid=1518	pages/language/1518.html	tiny language
language	https://stedtdb.johnblowe.com/gnis?lexicon.lgid=1785	pages/language/1785.html	random fill
language	https://stedtdb.johnblowe.com/gnis?lexicon.lgid=1798	pages/language/1798.html	long language notes
language	https://stedtdb.johnblowe.com/gnis?lexicon.lgid=1799	pages/language/1799.html	long language notes
language	https://stedtdb.johnblowe.com/gnis?lexicon.lgid=1801	pages/language/1801.html	random fill
language	https://stedtdb.johnblowe.com/gnis?lexicon.lgid=1913	pages/language/1913.html	random fill
language	https://stedtdb.johnblowe.com/gnis?lexicon.lgid=1946	pages/language/1946.html	random fill
language	https://stedtdb.johnblowe.com/gnis?lexicon.lgid=1962	pages/language/1962.html	largest (5889 reflexes)
language	https://stedtdb.johnblowe.com/gnis?lexicon.lgid=1970	pages/language/1970.html	largest (5117 reflexes)
language	https://stedtdb.johnblowe.com/gnis?lexicon.lgid=1973	pages/language/1973.html	largest (3306 reflexes)
language	https://stedtdb.johnblowe.com/gnis?lexicon.lgid=1977	pages/language/1977.html	largest (9286 reflexes)
language	https://stedtdb.johnblowe.com/gnis?lexicon.lgid=1979	pages/language/1979.html	largest (7067 reflexes)
language	https://stedtdb.johnblowe.com/gnis?lexicon.lgid=1981	pages/language/1981.html	largest (3441 reflexes)
language	https://stedtdb.johnblowe.com/gnis?lexicon.lgid=1996	pages/language/1996.html	largest (3235 reflexes)
language	https://stedtdb.johnblowe.com/gnis?lexicon.lgid=2025	pages/language/2025.html	long language notes
language	https://stedtdb.johnblowe.com/gnis?lexicon.lgid=2028	pages/language/2028.html	random fill
language	https://stedtdb.johnblowe.com/gnis?lexicon.lgid=2084	pages/language/2084.html	random fill
language	https://stedtdb.johnblowe.com/gnis?lexicon.lgid=2129	pages/language/2129.html	tiny language
language	https://stedtdb.johnblowe.com/gnis?lexicon.lgid=2207	pages/language/2207.html	largest (4074 reflexes)
language	https://stedtdb.johnblowe.com/gnis?lexicon.lgid=2208	pages/language/2208.html	largest (4074 reflexes)
language	https://stedtdb.johnblowe.com/gnis?lexicon.lgid=2209	pages/language/2209.html	largest (4074 reflexes)
language	https://stedtdb.johnblowe.com/gnis?lexicon.lgid=2210	pages/language/2210.html	largest (4074 reflexes)
language	https://stedtdb.johnblowe.com/gnis?lexicon.lgid=2211	pages/language/2211.html	largest (4074 reflexes)
language	https://stedtdb.johnblowe.com/gnis?lexicon.lgid=2224	pages/language/2224.html	tiny language
language	https://stedtdb.johnblowe.com/gnis?lexicon.lgid=2267	pages/language/2267.html	tiny language
source	https://stedtdb.johnblowe.com/source/AH-CSDPN	pages/source/AH-CSDPN.html	largest (10926 reflexes)
source	https://stedtdb.johnblowe.com/source/AW-TBT	pages/source/AW-TBT.html	largest (5290 reflexes)
source	https://stedtdb.johnblowe.com/source/Bhat-Boro	pages/source/Bhat-Boro.html	largest (6485 reflexes)
source	https://stedtdb.johnblowe.com/source/CB-PNC	pages/source/CB-PNC.html	random fill
source	https://stedtdb.johnblowe.com/source/DB-Lisu	pages/source/DB-Lisu.html	largest (11107 reflexes)
source	https://stedtdb.johnblowe.com/source/DQ-Langsu	pages/source/DQ-Langsu.html	random fill
source	https://stedtdb.johnblowe.com/source/DQ-Nyiq	pages/source/DQ-Nyiq.html	random fill
source	https://stedtdb.johnblowe.com/source/GD-DOM	pages/source/GD-DOM.html	random fill
source	https://stedtdb.johnblowe.com/source/GEM-CNL	pages/source/GEM-CNL.html	largest (27434 reflexes)
source	https://stedtdb.johnblowe.com/source/GEM-Phom	pages/source/GEM-Phom.html	random fill
source	https://stedtdb.johnblowe.com/source/GHC-RCC	pages/source/GHC-RCC.html	random fill
source	https://stedtdb.johnblowe.com/source/GLDC-GED	pages/source/GLDC-GED.html	largest (7067 reflexes)
source	https://stedtdb.johnblowe.com/source/GOW1972	pages/source/GOW1972.html	random fill
source	https://stedtdb.johnblowe.com/source/ILH-PCAH	pages/source/ILH-PCAH.html	random fill
source	https://stedtdb.johnblowe.com/source/JAM-Ety	pages/source/JAM-Ety.html	largest (6042 reflexes)
source	https://stedtdb.johnblowe.com/source/JP-CPL	pages/source/JP-CPL.html	largest (5925 reflexes)
source	https://stedtdb.johnblowe.com/source/JPE-SQiang	pages/source/JPE-SQiang.html	largest (6257 reflexes)
source	https://stedtdb.johnblowe.com/source/JS-Tani	pages/source/JS-Tani.html	largest (10788 reflexes)
source	https://stedtdb.johnblowe.com/source/JZ-CLMenba	pages/source/JZ-CLMenba.html	random fill
source	https://stedtdb.johnblowe.com/source/JZ-Nusu	pages/source/JZ-Nusu.html	random fill
source	https://stedtdb.johnblowe.com/source/KVB-PKC	pages/source/KVB-PKC.html	largest (8120 reflexes)
source	https://stedtdb.johnblowe.com/source/MM-PTPK	pages/source/MM-PTPK.html	random fill
source	https://stedtdb.johnblowe.com/source/MS-Gazhuo	pages/source/MS-Gazhuo.html	random fill
source	https://stedtdb.johnblowe.com/source/RC-DOC	pages/source/RC-DOC.html	largest (9286 reflexes)
source	https://stedtdb.johnblowe.com/source/SIL-Nuosu	pages/source/SIL-Nuosu.html	largest (5889 reflexes)
source	https://stedtdb.johnblowe.com/source/STC	pages/source/STC.html	largest (5312 reflexes)
source	https://stedtdb.johnblowe.com/source/TBL	pages/source/TBL.html	largest (84508 reflexes)
source	https://stedtdb.johnblowe.com/source/WHBLS-2011	pages/source/WHBLS-2011.html	largest (20370 reflexes)
source	https://stedtdb.johnblowe.com/source/YN-RGLD	pages/source/YN-RGLD.html	largest (43558 reflexes)
source	https://stedtdb.johnblowe.com/source/ZMYYC	pages/source/ZMYYC.html	largest (50443 reflexes)
group	https://stedtdb.johnblowe.com/group/0	pages/group/0.html	top-level group
group	https://stedtdb.johnblowe.com/group/1	pages/group/1.html	top-level group
group	https://stedtdb.johnblowe.com/group/2	pages/group/2.html	top-level group
group	https://stedtdb.johnblowe.com/group/3	pages/group/3.html	top-level group
group	https://stedtdb.johnblowe.com/group/4	pages/group/4.html	top-level group
group	https://stedtdb.johnblowe.com/group/5	pages/group/5.html	top-level group
group	https://stedtdb.johnblowe.com/group/6	pages/group/6.html	top-level group
group	https://stedtdb.johnblowe.com/group/7	pages/group/7.html	top-level group
group	https://stedtdb.johnblowe.com/group/8	pages/group/8.html	top-level group
group	https://stedtdb.johnblowe.com/group/9	pages/group/9.html	top-level group
group	https://stedtdb.johnblowe.com/group/6/2	pages/group/6.2.html	subgroup sample
group	https://stedtdb.johnblowe.com/group/1/6	pages/group/1.6.html	subgroup sample
group	https://stedtdb.johnblowe.com/group/1/2	pages/group/1.2.html	subgroup sample
group	https://stedtdb.johnblowe.com/group/1/4	pages/group/1.4.html	subgroup sample
group	https://stedtdb.johnblowe.com/group/2/2	pages/group/2.2.html	subgroup sample
group	https://stedtdb.johnblowe.com/group/2/4	pages/group/2.4.html	subgroup sample
group	https://stedtdb.johnblowe.com/group/2/3	pages/group/2.3.html	subgroup sample
group	https://stedtdb.johnblowe.com/group/1/5	pages/group/1.5.html	subgroup sample
group	https://stedtdb.johnblowe.com/group/9/0	pages/group/9.0.html	subgroup sample
group	https://stedtdb.johnblowe.com/group/3/2	pages/group/3.2.html	subgroup sample
group	https://stedtdb.johnblowe.com/group/2/1	pages/group/2.1.html	subgroup sample
group	https://stedtdb.johnblowe.com/group/1/3	pages/group/1.3.html	subgroup sample
group	https://stedtdb.johnblowe.com/group/1/1	pages/group/1.1.html	subgroup sample
group	https://stedtdb.johnblowe.com/group/0/1	pages/group/0.1.html	subgroup sample
chapter	https://stedtdb.johnblowe.com/chap/1.2.2.1	pages/chap/1.2.2.1.html	chapter detail (depth spread)
chapter	https://stedtdb.johnblowe.com/chap/1.2.3	pages/chap/1.2.3.html	chapter detail (depth spread)
chapter	https://stedtdb.johnblowe.com/chap/1.2.6.1	pages/chap/1.2.6.1.html	chapter detail (depth spread)
chapter	https://stedtdb.johnblowe.com/chap/1.2.6.14.1	pages/chap/1.2.6.14.1.html	chapter detail (depth spread)
chapter	https://stedtdb.johnblowe.com/chap/1.4.10	pages/chap/1.4.10.html	chapter detail (depth spread)
chapter	https://stedtdb.johnblowe.com/chap/1.5.1	pages/chap/1.5.1.html	chapter detail (depth spread)
chapter	https://stedtdb.johnblowe.com/chap/1.5.1.2.1	pages/chap/1.5.1.2.1.html	chapter detail (depth spread)
chapter	https://stedtdb.johnblowe.com/chap/1.5.2.4	pages/chap/1.5.2.4.html	chapter detail (depth spread)
chapter	https://stedtdb.johnblowe.com/chap/1.5.5	pages/chap/1.5.5.html	chapter detail (depth spread)
chapter	https://stedtdb.johnblowe.com/chap/1.6.3.1	pages/chap/1.6.3.1.html	chapter detail (depth spread)
chapter	https://stedtdb.johnblowe.com/chap/10.2	pages/chap/10.2.html	chapter detail (depth spread)
chapter	https://stedtdb.johnblowe.com/chap/10.4	pages/chap/10.4.html	chapter detail (depth spread)
chapter	https://stedtdb.johnblowe.com/chap/2.1.1	pages/chap/2.1.1.html	chapter detail (depth spread)
chapter	https://stedtdb.johnblowe.com/chap/5.11.8.2.1.2	pages/chap/5.11.8.2.1.2.html	chapter detail (depth spread)
chapter	https://stedtdb.johnblowe.com/chap/5.11.8.2.1.3	pages/chap/5.11.8.2.1.3.html	chapter detail (depth spread)
chapter	https://stedtdb.johnblowe.com/chap/5.7	pages/chap/5.7.html	chapter detail (depth spread)
chapter	https://stedtdb.johnblowe.com/chap/5.8.2.2	pages/chap/5.8.2.2.html	chapter detail (depth spread)
chapter	https://stedtdb.johnblowe.com/chap/6.1.1.4.1.1	pages/chap/6.1.1.4.1.1.html	chapter detail (depth spread)
chapter	https://stedtdb.johnblowe.com/chap/6.2	pages/chap/6.2.html	chapter detail (depth spread)
chapter	https://stedtdb.johnblowe.com/chap/6.2.2.6.1	pages/chap/6.2.2.6.1.html	chapter detail (depth spread)
chapter	https://stedtdb.johnblowe.com/chap/6.9.4	pages/chap/6.9.4.html	chapter detail (depth spread)
chapter	https://stedtdb.johnblowe.com/chap/7.1.11	pages/chap/7.1.11.html	chapter detail (depth spread)
chapter	https://stedtdb.johnblowe.com/chap/8.3.1.10.2.1	pages/chap/8.3.1.10.2.1.html	chapter detail (depth spread)
chapter	https://stedtdb.johnblowe.com/chap/8.3.2.2.1	pages/chap/8.3.2.2.1.html	chapter detail (depth spread)
chapter	https://stedtdb.johnblowe.com/chap/8.3.2.5.6	pages/chap/8.3.2.5.6.html	chapter detail (depth spread)
chapter	https://stedtdb.johnblowe.com/chap/8.3.3.4.3.2	pages/chap/8.3.3.4.3.2.html	chapter detail (depth spread)
chapter	https://stedtdb.johnblowe.com/chap/9.3	pages/chap/9.3.html	chapter detail (depth spread)
chapter	https://stedtdb.johnblowe.com/chap/999	pages/chap/999.html	chapter detail (depth spread)
search	https://stedtdb.johnblowe.com/gnis?t=dog	pages/search/gloss-dog.html	single gloss (homepage example)
search	https://stedtdb.johnblowe.com/gnis?t=hand	pages/search/gloss-hand.html	single gloss, big result
search	https://stedtdb.johnblowe.com/gnis?t=water	pages/search/gloss-water.html	single gloss
search	https://stedtdb.johnblowe.com/gnis?t=frog%2C%20snail	pages/search/gloss-frog-snail.html	comma-OR gloss (documented example)
search	https://stedtdb.johnblowe.com/gnis?t=carry%20on%20back	pages/search/gloss-multiword.html	multi-word gloss
search	https://stedtdb.johnblowe.com/gnis?t=hit&lg=Lotha	pages/search/gloss-lang-combo.html	gloss+language (homepage example)
search	https://stedtdb.johnblowe.com/gnis?lg=Paangkhua	pages/search/lang-paangkhua.html	language only (homepage example)
search	https://stedtdb.johnblowe.com/gnis?lg=Written%20Tibetan	pages/search/lang-written-tibetan.html	language with space
search	https://stedtdb.johnblowe.com/gnis?f=la	pages/search/form-la.html	form search short
search	https://stedtdb.johnblowe.com/gnis?f=mik	pages/search/form-mik.html	form search
search	https://stedtdb.johnblowe.com/gnis?f=*mik	pages/search/form-star.html	form search with star
search	https://stedtdb.johnblowe.com/gnis?s=STC	pages/search/source-stc.html	source search
search	https://stedtdb.johnblowe.com/gnis?lggrp=Kiranti	pages/search/lggrp-kiranti.html	language-group search
search	https://stedtdb.johnblowe.com/gnis?t=dog&lggrp=Kiranti	pages/search/gloss-lggrp.html	gloss+group combo
search	https://stedtdb.johnblowe.com/gnis?t=zzzqqq	pages/search/empty-result.html	no-hit query
search	https://stedtdb.johnblowe.com/gnis?t=%C5%84u	pages/search/diacritic-gloss.html	diacritic input
search	https://stedtdb.johnblowe.com/gnis?t=eye%2C%20see	pages/search/gloss-eye-see.html	comma-OR
search	https://stedtdb.johnblowe.com/gnis?t=fish	pages/search/gloss-fish.html	single gloss
search	https://stedtdb.johnblowe.com/gnis?t=bird	pages/search/gloss-bird.html	single gloss
search	https://stedtdb.johnblowe.com/gnis?t=two	pages/search/gloss-two.html	numeral gloss
asset	https://stedtdb.johnblowe.com/styles/rootcanal.css	assets/rootcanal.css	site asset
asset	https://stedtdb.johnblowe.com/styles/autoSuggest.css	assets/autoSuggest.css	site asset
asset	https://stedtdb.johnblowe.com/styles/opentip.css	assets/opentip.css	site asset
asset	https://stedtdb.johnblowe.com/js/stedtconfig.js	assets/stedtconfig.js	site asset
