tag	grpid	form	gloss	variant	old_tag	source
3	8	pum	BODY / STOMACH / BELLY			
8	8	tak-shaa	BODY		4181	PKC #181
12	8	ruak ⪤ ruaŋ	CORPSE / DEAD BODY		4927	PKC #927
12	5	rom	GHOST (ANCESTRAL)		6576	JS-HCST: 176
17	5	si-maŋ	DEAD BODY		6597	JS-HCST: 114
17	63	a-maŋ	BODY / CORPSE		7745	PCN #198
18	5	ɯ	BODY		6650	JS-HCST: 146
19	8	raw	DRY / WITHER		4933	PKC #933
25	66	ŋun	CORPSE		6882	DRM#472
27	8	thii-I, thiʔ-II	DIE / DEAD / EXTINCT		4384	PKC #384
27	5	si	DIE		6594	JS-HCST: 105
27	66	tʰi	DIE		6762	DRM#349
27	12	səy	DIE		7195	WTF-PNN:476
27	42	səy¹	DIE		546	cf. HPTB p.27
27	50	sejᴬ	DEAD, DIE		7281	TL#76
27	63	səj	DIE		7653	PCN #106
31	8	mit	GO OUT (light) / EXTINGUISH		4768	PKC #768
31	66	met	SQUEEZE / EXTINGUISH		6947	DRM#542
31	5	mit	EXTINGUISH / EXTINGUISHED		6458	JS-HCST: 205
31	63	hmət	EXTINGUISH / BLOW		7736	PCN #189
32	63	sak	BREATH		7789	PCN #242
33	50	mɛɁᴰ	EYE, FACE		7312	TL#107
34	8	sʰaa	ANIMAL / FLESH / MEAT		4686	PKC #686
34	66	sa	FLESH / MEAT / ANIMAL		6747	DRM#334
34	63	a-ʃaʔ	ANIMAL / MEAT, FLESH		7562	PCN #015
35	50	njáq	MEAT / FLESH			
35	50	hɲaᴮ	FLESH / MEAT			
35	5	jak	FLESH (human)			
36	66	tsa	EAT	a	6741	DRM#327
36	66	tsaat	RICE (COOKED)	b	6945	DRM#540
36	63	tsaʔ	EAT		7566	PCN #019
36	8	θaʔ	FEED		4616	PKC #616
36	63	a-tsa-k	RICE (paddy)		6551	i.e., unhusked; tentative transcription; not in DWB-PCN
42	63	thu	OIL / GREASE / FAT		7618	PCN #071
56	42	ndzikᴴ	ITCH		1464	JAM-MLBM 38
58	42	dzay²	ANIMAL (DOMESTIC) / LIVESTOCK		58	
59	42	ʔ-dzi²	DEW			
60	8	thaaw	FAT / GREASE		4385	PKC #385
60	66	tʰaw	FAT		6802	DRM#389
69	42	m-dziːtᴸ ⪤ m-tsiːtᴴ	SPLIT			
70	8	piaŋ-I, pian-II	BORN (be)		4129	PKC #129
71	8	hriŋ-I, hrin-II	GREEN / ALIVE / FRESH		5085	PKC #1085
71	66	hriŋ	ALIVE		6895	DRM#487
71	12	criŋ	ALIVE	a	7192	WTF-PNN:449
71	12	C-raŋ	ALIVE	b	7194	WTF-PNN:449
71	29	hiŋ-	LIVE			
71	42	tsiŋ²	LIVE			
74	12	la-dzaːn	ARROW			
74	42	ʔ-dzan¹	ARROW			
75	63	phu	BLOW		7616	PCN #069
84	42	na²	BE / LIVE / STAY / REST / PERCH / SIT ON		279	HPTB p.477
85	8	nii	DAY / SUN		4809	PKC #809
85	50	nejᴬ	DAY		7280	TL#75
85	5	ñi	SUN		6209	JS-HCST: 116
85	42	ʔnəy¹/³	SUN / DAY			
85	63	nəj	SUN / DAY		7650	PCN #103
86	42	ʔ-tsup ⪤ ʔ-tsip	CRUMPLE / SQUEEZE / FIST		3381	TSR #66
90	5	ŋaː	BABY		6644	JS-HCST: 149
90	63	[h]ŋaj	BABY, CHILD		7592	PCN #045
91	42	ʔ-p(r)ay¹	SPLEEN			
92	66	kʰak	BREATH		6956	DRM#552
100	42	N-pup	SATIATED / FULL			
101	42	C-sipᴸ	THIRSTY			
103	8	ɓaa	TIRED / EXHAUSTED		4053	PKC #53
104	5	kV-noŋ	HUNGRY		6413	JS-HCST: 192
111	8	pliŋ	FULL / COMPLETE / ATTAIN TO		5249	PKC #1249
111	5	brɯŋ	FULL (not empty)		6207	JS-HCST: 128
111	42	ʔ-bliŋ¹	FULL / PLENTY			
111	50	pwɛᴬ	FULL		7333	TL#129
115	29	khas-	SATIATED (with food)			
116	42	N-kam²	THIRSTY / DRIED OUT			
119	8	kaŋ	BAKE / FRY / ROAST	a	4253	PKC #253
119	8	kaaŋ-I, kaŋʔ ⪤ kan-II	BURN / BLAZE	b	4260	PKC #260
119	8	kaŋ-I, kan-II	DRY UP / EVAPORATE	c	4275	PKC #275
119	66	kaŋ	BURN / SCORCH		7130	DRM#752
119	63	a-kuŋ	DRY (BE) / THIN, LEAN		7766	PCN #219
121	66	caŋ	THIRST		7143	DRM#765
126	8	maŋ	DREAM		4763	PKC #763
126	66	maŋ	DREAM		6885	DRM#476
126	50	maŋᴮ	DREAM (v.)		7295	TL#90
126	63	maŋ	DREAM		7743	PCN #196
126	23	ᴬmaŋ	DREAM (n)			
126	42	s-makᴴ ⪤ s-maŋ¹	DREAM			
126	23	ᴮmaŋ	DREAM, to (v)			
127	8	ʔip-I, ʔiʔ-II	SLEEP		4502	PKC #502
127	5	jup	SLEEP		6368	JS-HCST: 122
127	66	jip	SLEEP / LIE DOWN		6937	DRM#532
127	63	jap	SLEEP		7700	PCN #153
127	42	s/ʔ-yipᴸ	PUT TO SLEEP			
127	42	yipᴸ ⪤ yupᴸ	SLEEP			
130	50	hmejᴬ	LIE DOWN, SLEEP		7369	TL#165
130	50	hmajᴬnajᴮ	SLEEPING			
130	5	mi	SLEEPY		6453	JS-HCST: 151
132	8	ɗim	FULL		4082	PKC #82
138	42	lok	ENOUGH			
142	8	thaw-I, thoʔ-II	RISE / GET UP / STAND UP		4404	PKC #404
142	66	tʰow	AWAKEN		6826	DRM#413
142	63	m-su	LIFT / AWAKEN		7632	PCN #085
144	5	ro	MORNING		6229	JS-HCST: 119
145	5	rop	STAND UP / GET UP		6578	JS-HCST: 201
145	45	ʔ-ryapᴸ	STAND UP			
145	42	ʔ-rapᴸ	STAND			
152	42	kyi¹˜²	LIFT / RAISE			
156	42	ša¹	EASY / CHEAP		5726	HPTB:613
159	12	jan	STRONG / FIRM / STEADFAST			
159	42	zan¹	STRONG / FIRM			
160	66	na	HURT		7151	DRM#773
160	8	naa-I, nat-II	PAINFUL / SICK		4825	PKC #825
160	45	C-natᴸ	SPIRIT			
160	45	C-na¹	ILL / SICK			
160	42	nan ⪤ nat	SPIRIT / DEMON			
161	5	tol	STRONG		6620	JS-HCST: 234
163	42	C-pwap	SWELL UP / BE SWOLLEN / STOUT / CALF OF LEG			
163	63	pəm	SWELL, BE SWOLLEN		7687	PCN #140
164	5	puk	HEART		6202	JS-HCST: 57
164	66	buk	BELLY / STOMACH		6971	DRM#568
164	5	pɯk	CAVE			
164	63	puk	STOMACH, BELLY		7808	PCN #261
165	50	ʔ(b)wa	WHITE		6059	STC: 172n460
165	50	Ɂbwaᴬ	WHITE		7535	TL#330
166	8	maay	PUMPKIN		4781	PKC #781
174	45	ʔ/s-ra²	DIFFICULT / POOR			
175	12	jek	HARD			
178	8	tshaʔ	THICK / DENSE		4606	PKC #606
178	66	ʃa	THICK		7117	DRM#738
179	8	sik-I, siʔ-II	PINCH / NIP / PLUCK		4666	PKC #666
179	66	sik	PINCH		7107	DRM#728
179	42	r-sik ⪤ *s-yik	TWIST			
180	8	khit-I, khiʔ-II	BIND / TIE		4424	PKC #424
183	42	tu¹	THICK / BLUNT		7167	DL:679
186	66	ʃak	DIFFICULT / HARD		7082	DRM#699
186	63	a-tʃhak	DIFFICULT / HARD / DEAR, COSTLY		7799	PCN #252
189	5	si	WATER		6139	JS-HCST: 58
190	42	Ntsakᴴ ⪤ *tikᴴ ⪤ *dzikᴴ	DROP (n.) / DRIP			
191	5	laŋ	SOUP		6420	JS-HCST: 120
191	42	laŋ¹	RIVER / VALLEY			
198	42	bwa	GRANDMOTHER		2181	STC p.24
200	42	ʔ-dzakᴸ	JOIN			
200	8	saa-I, sak-II	BUILD / CONNECT / ERECT		4642	PKC #642
200	66	sak	CONNECT / BUILD		7127	DRM#749
200	63	tsha	BUILD, MAKE / DO		7568	PCN #021
201	8	kal	KIDNEY		4297	PKC #297
201	66	kal	KIDNEY		7027	DRM#630
202	8	khel	HIP / LOINS		4448	PKC #448
203	8	nuŋ ⪤ hnuŋ	BACK / BEHIND / LATER		4802	PKC #802
206	66	kʰum	BACK		6863	DRM#452
208	8	yaaŋ	BACK / SPINE		5186	PKC #1186
209	12	kʰeːŋ	BACK (BODY)			
209	23	ᴬʰli	BACK / BACKSIDE			
211	23	ᴬgo	BACK			
215	42	gyukᴸ ⪤ džukᴸ	WAIST			
227	63	a-sə	BILE / GALL BLADDER		7639	PCN #092
227	66	tʰi	BILE		6758	DRM#345; cf. #6876 LIVER
229	8	khaa-I, khaat ⪤ khaak-II	BITTER		4425	PKC #425
229	5	ko ~ kaː	BITTER		6386	JS-HCST: 149
229	66	kʰa	BITTER		6733	DRM#319
229	50	khaᴮ	BITTER		7229	TL#24
229	63	a-khaʔ	BITTER		7557	PCN #010
229	16	bi-ka	LIVER			
229	12	C̥-kʰaᴮ	BITTER			
229	45	ka²	BITTER			
230	8	thii	BLOOD		4375	PKC #375
230	5	viː	BLOOD		6640	JS-HCST: 103
230	66	ʃi	BLOOD		6759	DRM#346
230	50	swiᴮ	BLOOD		7230	TL#25
230	63	a-(h)jəjʔ	BLOOD		7655	PCN #108
230	42	swəy²	BLOOD			
230	12	C̥-həːy	BLOOD			
230	12	syi	BLOOD			
232	8	ruʔ	BONE		4922	PKC #922
232	66	ru	BONE		6778	DRM#365
232	63	a-rut	BONE		7735	PCN #188
232	50	khrwitᴰ	BONE		7236	TL#31
238	5	loŋ	BONE		2855	JS-HCST: 191
243	45	(C)-nokᴸ	BRAIN			
243	50	nokᴰ	BRAIN		7238	TL#33
243	42	s-nukᴴ	BRAIN			
247	8	khluak	BRAIN		5279	PKC #1279
251	66	niŋ	MIND / THINK / SOUL		6899	DRM#491, DRM#767
251	42	s-niŋ³	HEART			
252	5	pVk-ni?	BRAIN		6542	JS-HCST: 151
253	8	hnooy	BREAST		4886	PKC #886
253	66	nu	BREAST		6779	DRM#366
253	50	nu'	BREAST			
253	50	nuᴮ	BREASTS		7240	TL#35
257	42	makᴸ	SOLDIER		260	HPTB p.35
257	45	C-makᴸ	SOLDIER			
259	50	náun'	BREAST			
264	8	ɓiaŋ	CHEEK		4015	PKC #15
268	50	Ɂbɔᴬ	NECK, CHEEK		7405	TL#201
268	42	ba²	CHEEK			
271	8	ka- ⪤ kha-ɓee	CHIN		4018	PKC #18
273	8	kaa ⪤ khaa	CHIN / JAW (lower)	b	4265	PKC #265
273	66	kʰa	CHIN / JAW	b	6736	DRM#322
273	8	kaa	ENTRANCE / MOUTH	a	4278	PKC #278
273	66	ka	OPEN (MOUTH)	a	7022	DRM#624
273	50	kaᴮ	CHIN, JAW		7254	TL#49
273	63	ka	GAPE, OPEN MOUTH		7555	PCN #008
275	42	ʔ-nay¹/² ⪤ ʔ-ney²	FIBER / BAMBOO STRIP (for tying)		1449	cf. HPTB pp.216, 510
275	23	hnãi	FIBER			
289	66	tʰik	LUNG / CHEST		6966	DRM#563
293	12	lay	LEAF / BOOK			
294	8	ʔiŋ	ENDURE / FORBEAR		4482	PKC #482
296	66	duŋ	POUND (v.t.)		6905	DRM#498
296	50	dɔŋᴮ	POUND (v.)		7429	TL#225
296	5	dɯŋ ~ ǰɯŋ	BEAT / FLOG		6301	JS-HCST: 62
298	8	tuy	WATER / FLUID / LIQUID		4243	PKC #243
298	66	dɨ	WATER		6809	DRM#396
298	42	m/ʔ-titᴴ	WET / SOAK		7204	HPTB:351
298	50	thejᴬ	WATER		7529	TL#324
300	8	ɗu(u)y ⪤ tu(u)y	EGG		4079	PKC #79
300	66	dɨ	EGG		6806	DRM#393
300	50	Ɂdejᴮ	EGG		7304	TL#99
302	50	phrɨNᴬ	HORNET		7352	TL#148
302	50	pri̯umᴬ¹	HORNET			
303	42	yu¹	TAKE		2793	STC p.60
303	42	džu²	LOOSE / SLACK			
303	63	ju	CARRY / PUT		6488	tentative transcription; not in DWB-PCN
306	5	du	ELBOW		6673	JS-HCST: 154
309	8	kar ⪤ kal	BETWEEN		4259	PKC #259
316	5	pəː ~ pɯ	FART (n.)		6544	JS-HCST: 166
320	8	yuŋ	FINGER / TOE / ROOT		5201	PKC #1201
320	66	juŋ	ROOT		6906	DRM#500
320	63	m-juŋ	DIGIT (FINGER / TOE)		7771	PCN #224
336	50	khaŋᴮ	LEG			
337	8	kuun	BEND / DROOP / STOOP		4257	PKC #257
337	8	kuul	HUNCHBACKED		4293	PKC #293
338	8	kee ⪤ khee	FOOT / LEG		4283	PKC #283
343	8	phay	THIGH / LEG		4360	PKC #360
343	66	pʰej	FOOT / LEG		6816	DRM#403
343	63	phej	THIGH		7600	PCN #053
350	5	lə (~ le?)	LEG		6436	JS-HCST: 119
352	8	pha-lep	BUTTERFLY		4329	PKC #329
356	42	ʔ-na²	FOREHEAD		6726	DL:741
356	23	ᴬŋo	FOREHEAD			
363	8	mul ⪤ hmul	HAIR (body) / FUR / WOOL		4770	PKC #770
366	8	sʰam	HAIR (head)		4688	PKC #688
366	66	sam	HAIR (HEAD)		6848	DRM#436
366	63	a-tshaːm	HAIR (FACE / HEAD)		7668	PCN #121
366	63	a-həm	HAIR / LEAF / FEATHER		7695	PCN #148
369	63	a-hlej	BUY		7606	PCN #059
370	50	chuNᴮ	FEATHER / FUR / BODY HAIR			
380	8	niŋ-yak-I, -yaʔ-II	ASHAMED / SHY		4800	PKC #800
380	66	jak	ASHAMED		6954	DRM#550
380	63	a-hjak	SHY / ASHAMED		7800	PCN #253
381	66	taj	POUND / CRUSH		6792	DRM#379
381	45	ʔ-day² ⪤ tay¹	POUND / CRUSH			
381	45	ʔ-di²	POUND			
384	8	tsal	FOREHEAD / BROW		4538	PKC #538
384	12	tʰəːl	FACE		6711	WTF-PNN: 484
385	8	ʔuu	ELDER SIBLING		4480	PKC #480
386	66	kow	HEAD		6831	DRM#419
386	63	ku	HEAD		7620	PCN #073
398	66	pɐ	BUTTOCKS / HIP		7037	DRM#640
402	8	hnaʔ-tsaŋ	BANANA LEAF / PLANTAIN	a	4520	PKC #520
402	8	hnaʔ	LEAF / FOLIAGE	b	4896	PKC #896
402	5	nə	LEAF		6500	JS-HCST: 163
402	66	na	LEAF		6756	DRM#343
407	8	si(i)r	LATERAL / SIDE		4657	PKC #657
410	42	m-ba²/³	TAIL			
418	42	ʔdzik ⪤ *ʔdzak	JOINT		6719	JAM-TSR: 45
434	42	ʔ-nay²/³	COHESIVE / STICKY / ELASTIC			
436	42	put	KNEE		6721	RJL-DPTB: 70
443	42	s-krak ⪤ s-krok 	COLD / DRIED OUT / LEFTOVER	a	7200	JAM-TSR: 53
443	42	m-graŋ	COLD	b	7201	Benedict 72 STC: 39n124
443	63	a-tshak	COLD		7794	PCN #247
444	8	θim ⪤ θin	STORE / COLLECT		4631	PKC #631
444	23	ᴮtsim	STORE / PUT IN THE RIGHT PLACE			
446	68	paay	GO		4149	"PKC #149 (""PNC"")"
447	8	k(r)um	DECREASE / DESCEND / SHRINK		5316	PKC #1316
452	5	bel	LIP		6248	JS-HCST: 233
454	70	kam	BANK / SIDE / SHORE		4255	"PKC #255 (""PCC"")"
454	8	kam	MOUTH		4301	PKC #301
456	50	phlỳ' 	LIP			
457	8	tsuap	LUNG		4547	PKC #547
459	8	khlik ⪤ khliŋ	MARROW / SAP		5294	PKC #1294
459	66	tliŋ	MARROW		6986	DRM#584
459	42	ʔkraŋ¹ ⪤ ʔkyaŋ¹	MARROW			
467	8	hmuur	LIP / BEAK / MOUTH / TIP		4876	PKC #876
467	66	mor	MOUTH		6925	DRM#520
467	63	mən	MOUTH		7716	PCN #169
474	50	ɁaNᴬ	OPEN (THE MOUTH)		7412	TL#208
475	8	meet	SHAVE / PEEL OFF / PARE		4787	PKC #787
476	5	fi-buŋ	BEAK		6309	JS-HCST: 92
476	63	paŋ	MOUTH		7741	PCN #194
479	5	lɯŋ	NECK		6443	JS-HCST: 195
483	8	hŋooŋ	NECK / COLLAR		4916	PKC #916
487	50	Ɂamᴮ	EAT		7303	TL#98
489	66	rok	THROAT / LARYNX / VOICE		6985	DRM#583
490	8	ʔor	THROAT (outside)		4514	PKC #514
502	5	tɯŋ	DRINK		6636	JS-HCST: 195
502	42	m-daŋ¹ ⪤ m-doŋ¹	DRINK			
502	45	m-daŋ¹	DRINK			
502	45	ʔdaŋ¹	GIVE TO DRINK			
503	8	muut	BLOW / SMOULDER		4753	PKC #753
503	5	mut¹	BLOW (WITH MOUTH)		6471	JS-HCST: 207; note that ¹ is not a tone
503	42	s-mutᴴ	BLOW		16	HPTB pp.37, 315
503	45	s-mutᴴ	BLOW			
503	50	Ɂuᴬ	BLOW (a fire)		7231	TL#26
504	8	ha-nii ⪤ -hnii	GUMS		4816	PKC #816
511	63	m-[z/ʒ]a[ː]n	NAIL (bodypart)		7723	PCN #176
512	8	tin	NAIL / CLAW / HOOF			
512	23	ᴬtsʰin	NAIL			
517	8	laay	CENTER / MIDDLE / NAVEL		5000	PKC #1000
517	66	laj	NAVEL		6796	DRM#383
517	63	ph-laj	NAVEL, BELLY BUTTON		7598	PCN #051
519	50	Ɂdeᴬ	NAVEL, UMBILICAL CORD		7404	TL#200
521	42	ga³ ⪤ ʔga²	SING / DANCE / PLAY			
525	42	ʔ-kyakᴴ	ROPE / CORD / NAVEL			
530	5	fo	SINEW / VEIN		6310	JS-HCST: 100
530	63	a-saʔ	NERVE, VEIN / POWER, STRENGTH		7561	PCN #014
530	8	thaa	SINEW / TENDON / STRENGTH		4409	PKC #409
531	12	yəw	DESCEND			
531	8	tshuk/ŋ ⪤ yu-k/ŋ	SLOPE (downward) / DESCENT		4600	PKC #600
533	8	ruy ⪤ hruy	ROPE / CORD / STRING / RATTAN		4967	PKC #967
533	66	hroj	ROPE / STRING / THREAD NEEDLE		7134	DRM#756
533	50	reᴮ	RATTAN		7439	TL#235
533	63	a-(h)rəj	CANE, RATTAN		7657	PCN #110
540	8	khaak	PHLEGM / MUCUS		4454	PKC #454
540	29	khakma	SPUTUM			
540	5	kak	PHLEGM		6370	JS-HCST: 215
547	8	maak	SON-IN-LAW		4792	PKC #792
547	5	mak-bo	SON-IN-LAW		6445	JS-HCST: 213
547	66	maak	BROTHER-IN-LAW		6827	DRM#414
547	50	maɁᴰ	SON-IN-LAW		7471	TL#267
547	63	a-mjak	IN-LAW		7782	PCN #235
548	5	mrak	PENIS		6468	JS-HCST: 131
549	45	s-yakᴸ	BABY			
553	42	ʔ-nam¹	SIDE / RIB			
554	50	rəɁᴰ	FLANK, RIB		7322	TL#117
554	29	rem	RIB			
558	66	raap	RIB		6935	DRM#530
560	63	t-kuʔ	CHEST		7625	PCN #078
560	23	ᴬku	CHEST			
562	8	hlip	SCAB / SCALE		5048	PKC #1048
562	66	hlip	SCALE (OF FISH)		6938	DRM#533
562	68	lip	SCAB / SCALE			
563	8	liaŋ	SHOULDER / WALL-PLATE		5049	KEEP 6/2012 PKC #1049
563	50	pleŋᴬ	SHOULDER		7461	TL#257
565	42	ta	SHOULDER		3349	KEEP 6/2012
570	5	bak	CARRY ON BACK			
572	63	a-khləjʔ	FECES, EXCREMENT		7652	PCN #105
572	8	mik-khlii	TEARS		5306	PKC #1306
572	50	khrejᴮ	BODY DIRT		7234	TL#29
572	23	ᴬkli	FECES,SHIT			
574	5	lə-du	HEEL		6438	JS-HCST: 94
576	8	ʔeek	EXCREMENT / DUNG / STOOL		4483	PKC #483
576	5	eː	EXCREMENT		6057	JS-HCST: 146
576	50	ʔéq	EXCREMENT		6058	RBJ-KLS: 71
576	50	Ɂeᴮ	DUNG, EXCREMENT		7299	TL#94
580	8	ŋal	SHIN / SHANK		4866	PKC #866
586	5	kruk	OUTER COVERING		6398	JS-HCST: 132
587	42	say²	SAND			
587	45	say²	SAND			
587	12	ʔ-saːy	SAND			
590	50	pheɁᴰ	BARK (n.), LEATHER, SKIN		7217	TL#12
591	8	wun	SKIN (n.) / LEATHER		5169	PKC #1169
591	12	s-wun ⪤ wur	SKIN / FLESH			
591	5	pɯn	SKIN		6553	JS-HCST: 185
591	66	hol	SKIN / BARK		6912	DRM#506
593	66	kor	BARK		6924	DRM#519
593	12	C̬-kʰuar	SKIN			
596	42	m-k-rəy¹	SKIN / OUTER COVERING			
596	23	ᴬɖi	SKIN			
600	8	tsil	SPITTLE / SALIVA		4564	PKC #564
600	66	cer	SALIVA		7019	DRM#621
600	63	m-tʃə	SALIVA, SPITTLE / SPIT (v.)		7645	PCN #098
601	50	thuᴬ	SPIT (v.)		7474	TL#270
610	8	khlan	SWEAT / PERSPIRATION		5304	PKC #1304 KEEP 6/2012
614	23	ᴬdzin	FINISHED			
615	42	ʔ-grwəy²	SWEAT		2349	KEEP 6/2012 STC p.90
618	8	kril	FALL (leaves, fruits, hairs)		5319	PKC #1319
621	8	lay	TONGUE		5058	PKC #1058
621	66	lej	TONGUE		6823	DRM#410
621	50	bleᴬ	TONGUE		7512	TL#307
621	63	m-lej(ʔ)	TONGUE		7605	PCN #058
621	50	hlajᴮ	LICK (v.)		7368	TL#164
622	42	wəy²	FAR		2781	cf. STC p.61, HPTB p.195
623	5	rjo	TONGUE		6569	JS-HCST: 45
625	29	lem	TONGUE			
625	50	hlɛmᴮ	PUT OUT (THE TONGUE)		7435	TL#231
627	63	m-lju(k)	SWALLOW (v.)		7633	PCN #086
628	70	hliaw	LICK (flame) / ENVELOP ( flame)		5113	"PKC #1113 (""PCC"")"
629	8	liak-I, liaʔ-II	LICK / LAP		5030	PKC #1030
629	66	lek	LICK		6961	DRM#558
629	63	m-ljak	LICK		7805	PCN #258
629	42	m-lyak ⪤ ʔ-lyak	LICK			
629	45	m-lyakᴸ	LICK			
632	8	haa	TOOTH		4742	PKC #742
632	66	ha	TOOTH		6977	DRM#575
632	63	p-hwa	TOOTH		7574	PCN #027
632	5	fiː	TOOTH		3251	JS-HCST: 102
632	12	swaᴮ	TOOTH			
632	45	swa²	TOOTH			
632	42	swa²	TOOTH			
634	70	hŋaw	FANG / CANINE TOOTH		4912	"PKC #912 (""PCC"")"
635	45	ʔ-cway¹	TUSK			
635	42	jway¹	TOOTH / TUSK			
641	50	teᴮ	PENIS			
641	50	théʔ	PENIS			
641	50	théq	PENIS			
643	8	ʔip	BAG / SACK		4465	PKC #465
645	5	tɯk	FROG		6633	JS-HCST: 222
645	50	Ɂdeᴮ	FROG		7330	TL#126
645	50	Ɂdeᴮsowᴮ	TOAD		7510	TL#305
647	63	ʃiŋ	GINGER		7760	PCN #213
647	8	thiiŋ	GINGER		4388	PKC #388
647	12	ɟiːŋ	GINGER		6156	WTF-PNN: 494; French's 'j' is the voiced palatal stop.
647	50	Ɂeŋᴬ	GINGER		7334	TL#130
650	12	C̥-cʰi	URINE			
650	42	N-ts(y)i² ⪤ z(y)əy²	URINE			
650	50	chejᴮ	URINE		7519	TL#314
650	5	si	URINE		6596	JS-HCST: 151
660	42	ʔ-na¹	GOOD / PERMISSIBLE			
661	8	tshuu	VULVA / VAGINA		4609	PKC #609
661	5	tɯ	VULVA / VAGINA		6632	JS-HCST: 168
661	29	tu	VAGINA			
664	66	haj	VAGINA		6798	DRM#385
665	8	kua	HOLE / BURROW / CAVITY	a	4289	PKC #289
665	8	khur ⪤ khor	DITCH / HOLE / PIT / WELL (n.)	b	4438	PKC #438
665	66	kʰur	HOLE / ANUS		6927	DRM#522
665	63	a-ku ⪤ a-khən	HOLE		7626	PCN #079
665	12	gor	HOLE / CAVE			
665	8	kuar	HOLLOW / SUNKEN		4290	PKC #290
666	63	a-ʒa(ʔ)	GRASS		7563	PCN #016
673	66	bɐm	UTERUS / WOMB		7093	DRM#710
678	8	kh(l)aay	HANG DOWN / WEIGH		5289	PKC #1289
680	8	hlam	PLACENTA / AFTERBIRTH		5116	PKC #1116
680	66	laam	PLACENTA		7148	DRM#770
681	63	mjak ⪤ hmik	EYE			
681	42	s-myak	EYE			
682	8	mik	EYE		4765	PKC #765
682	5	mik	EYE		6456	JS-HCST: 215
682	66	mik	EYE		6962	DRM#559
682	63	mjak ⪤ hmik	EYE		7781	PCN #234
682	8	mik-kuu-I, -kuk-II	SLEEPY		4310	PKC #310
682	66	mit	EYE		7163	DRM#
682	23	ᴮʰmiː(ŋ)	EYE			
685	8	muu	SEED		4786	PKC #786
690	8	hluum	ROUND		5118	PKC #1118
690	5	lum	ROUND (GLOBULAR)		6434	JS-HCST: 173
691	42	ʔ-gla²	BETWEEN / HAVE A SPACE BETWEEN / INTERVAL			
692	8	kham ⪤ khum	PILLOW		4455	PKC #455
692	42	m-kum²	BLOCK / PILLOW		378	HPTB pp.124, 249
692	63	m-kham	BENCH, BLOCK / PILLOW		7679	PCN #132
692	8	khu(m/n)	BED / COUCH		4422	PKC #422
694	8	haal	BURN / SET FIRE		4702	PKC #702
694	8	ʔal-I, ʔalʔ-II	FLAME / BLAZE		4485	PKC #485
695	5	lak	HAND / ARM		6687	JS-HCST: 119
695	45	lakᴸ	HAND			
695	42	lakᴸ	HAND			
695	12	glək	HAND			
696	8	yak	ARMPIT		5185	PKC #1185
696	23	ᴬʰjaː	HAND			
710	8	ɗoŋ ⪤ toŋ	CUBIT		4071	PKC #71
712	8	kut ⪤ khut	HAND		4287	PKC #287
712	66	kʰut	HAND / ARM		7162	DRM#
712	8	kut-tum ⪤ khut-tum	FIST			
713	29	khur	HAND / WING		6084	from BM-PK7
720	66	caaŋ	WING		7099	DRM#717
735	63	a-tʃha	WING		7571	PCN #024
737	8	khlaa	WING		5309	PKC #1309
742	63	khat	HAND, ARM	a	7733	PCN #186
744	12	tsat	BITE INTO			
744	42	C-tsatᴸ	BITE			
745	8	ɓaan	ARM		4001	PKC #1
745	66	paan	HAND / ARM		6875	DRM#465
754	45	pum¹	SHOULDER		569	
755	63	m-kak	BITE		7788	PCN #241
757	5	lap	WING		6693	JS-HCST: 120
769	29	muk	ARM / HAND LENGTH / CUBIT			
772	23	ᴬtʰiŋ	PALM (HAND)			
776	5	lak-pro	PALM (of hand)		6690	JS-HCST: 125
776	63	m-ph(w)a	FOOT (PART)		7549	PCN #002
783	63	kəp	SKIN / COVER (n.)		7702	PCN #155
784	8	phoo	RIND / SHIELD / SKIN (n.)		4353	PKC #353
786	50	hlaᴮ	LEAF		7362	TL#158
803	8	hnaar	NOSE		4899	PKC #899
803	66	na	NOSE		6757	DRM#344
803	63	na(ʔ)	NOSE		7553	PCN #006
803	23	ᴬʰna	NOSE			
805	8	hnap	SNOT / MUCUS (nasal)		4906	PKC #906
805	5	nap ~ nop	SNOT		6492	JS-HCST: 115
805	66	nap	SNOT		6931	DRM#526
805	42	ʔ-napᴸ	SNOT			
805	45	s-napᴸ	MUCUS			
811	8	naa ⪤ hnaa	EAR		4812	PKC #812
811	66	na	EAR	a	6753	DRM#340
811	66	na	HEAR	b	6755	DRM#342
811	50	-hnaᴮ	LISTEN TO		7375	TL#171
811	12	na	EAR			
811	45	(C)-na²	EAR			
811	63	hnaʔ	EAR	a	7554	PCN #007
811	63	a-hŋaj	HEAR, LISTEN	b	7593	PCN #046
811	50	naᴮ	EAR		7300	TL#95
812	45	ʔbaŋ¹	EAR			
814	5	rəŋ	HORN		6585	JS-HCST: 193
819	42	krəw¹	HORN			
819	45	kro¹	HORN			
820	12	koːŋ	EMPTY			
820	23	ᴮkʰuŋ	HOLE / PIT			
820	29	goŋ	HEART			
820	42	guŋ² ⪤ kuŋ²	HOLLOW / HOLE / EMPTY			
820	45	koŋ¹	INSIDE HOUSE			
821	63	a-phak	MAT	b	7780	PCN #233
821	63	a-pjak	FLAT	a	7779	PCN #232
1001	40	r-ków	DRY			
1002	8	mii	PERSON / MAN / PEOPLE		4779	PKC #779
1002	66	mi	MAN / HUMAN		7060	DRM#671
1002	5	miː	MAN (homo)		6461	JS-HCST: 113
1002	63	a-[h]məjʔ	PERSON, HUMAN		7649	PCN #102
1002	12	C̥-məy	MAN (generic)			
1002	23	ᴬmi	MAN			
1005	42	džim²	RAW		6180	
1006	8	wok	PIG		5162	PKC #1162
1006	50	thɔʔ / tháuʔ	PIG		6020	RBJ-KLS; STC
1006	12	wak	PIG		6021	WTF-PNN p.532
1006	42	wakᴸ	PIG		6022	JAM-TSR: 168
1006	66	hwok	PIG		6969	DRM#566
1006	23	ᴮɖwa	PIG		6024	MM-Thesis: 422
1006	51	te	PIG		6018	"(""PBaic"") "
1006	50	thɔɁᴰ	PIG		7422	TL#218
1006	50	thɔɁᴰmiᴬ	BOAR (WILD~)		7232	TL#27
1007	8	tsat	BREAK / SNAP (v.i.)		4525	PKC #525
1011	35	s-k-riŋ	LONG			
1012	8	θaa	CHILD / OFFSPRING / SON / DAUGHTER		4612	PKC #612
1012	16	sa	CHILD			
1013	42	rəy¹	WATER			
1013	45	re¹	WATER			
1016	5	po-lo	MOON		3072	JS-HCST: 87
1016	8	khlaa	MOON / MONTH		5295	PKC #1295
1016	50	Ɂlaᴬ	MOON, MONTH		7397	TL#193
1016	12	gla poy	MOON			
1016	23	ᴮHla	MOON			
1016	29	la	MOON			
1016	42	s/ʔ-la³	MOON / MONTH			
1016	45	bə la³	MOON			
1016	23	ᴮʰla 	MONTH			
1017	8	lam	WAY / PATH / ROAD		5067	PKC #1067
1017	5	lam	ROAD		6213	JS-HCST: 170
1017	63	laːm	PATH, ROAD, WAY		7673	PCN #126
1017	16	lam	ROAD			
1017	29	ʔlam	ROAD / PATH			
1017	8	lam	DIRECTION / SIDE / TOWARDS		5010	PKC #1010
1017	23	ᴮgjam	ROAD			
1018	8	that-I, -thaʔ-II	KILL		4394	PKC #394
1018	66	tʰat	KILL		6942	DRM#537
1018	12	ʔsot	KILL			
1018	42	C-sat	KILL			
1019	8	thay	FRUIT		4387	PKC #387
1019	66	tʰej	FRUIT		6817	DRM#404
1019	5	ze	FRUIT		6143	JS-HCST: 107
1019	50	saᴮ	FRUIT		7332	TL#128
1019	63	a-sej	FRUIT / SEED		7603	PCN #056
1019	8	ʔaar-θii ⪤ -sii	STAR			
1103	8	krap-I, kraʔ-II	WEEP / CRY		5333	PKC #1333
1103	5	krap	WEEP		6389	JS-HCST: 132
1103	66	cap	CRY / WEEP		6934	DRM#529
1104	45	ŋo¹	CRY			
1104	42	ŋəw¹	WEEP			
1105	8	nu(u)y-I, -nuyʔ-II; hnu(u)y-I, hnuyʔ-II	SMILE / LAUGH		4836	PKC #836
1105	66	nɨ	LAUGH / MOCK		6808	DRM#395
1105	63	m-nəj ⪤ m-nwi	LAUGH / SMILE		7610	PCN #063
1108	42	ray¹	LAUGH / SMILE		6724	JAM-HPTB: 612
1133	66	tlok	BRAIN		6967	DRM#564
1142	5	ŋil	LAUGH		6645	JS-HCST: 117
1145	5	b(r)at²	VOMIT		6670	JS-HCST: 129
1145	50	prɔɁᴰ	VOMIT (v.)		7521	TL#316
1145	12	pʰaːt	VOMIT			
1145	42	C-patᴸ	VOMIT			
1154	8	luu-I, luuk-II	COPULATE / INTERCOURSE		5003	PKC #1003
1154	42	ləw²	COPULATE / PENIS			
1155	8	tshan	GENERATION / ERA		4589	PKC #589
1160	12	C̥-ŋuay	EASY			
1160	8	ŋaay	LOVE / LONG FOR		4861	PKC #861
1160	50	ʔai	LOVE			
1160	50	wɛ́ʔ	COPULATE			
1172	5	rɯ	NIT		6587	JS-HCST: 167
1181	8	til	TESTICLE / SCROTUM		4238	PKC #238
1184	23	ᴮlʰiː	FACE			
1186	42	pluːŋ² OR pyuːŋ²	FACE			
1187	8	hmaay	FACE / FRONT		4873	PKC #873
1187	66	maj	FACE		7057	DRM#667
1187	63	hmaj	FACE / SURFACE		7589	PCN #042
1187	8	hmaa	FRONT / FIRST			
1187	8	hmaay-saa	AHEAD / FIRST		4637	PKC #637
1197	23	ᴮŋʰwa	FONTANEL			
1219	8	thiʔ	COMB (n.)		4380	PKC #380
1219	66	si	COMB		6761	DRM#348
1220	50	khwiɁᴰ	COMB (v.)		7266	TL#61
1220	12	C̥-gyuay	COMB		5467	cf. HPTB p. 25
1220	44	prəy ⪤ p(r)i	COMB (v.) / BRUSH (v.)			
1220	42	ʔ-gʷəy² ⪤ ʔ-gʷi²	COMB			
1220	45	ʔ-pi²	COMB			
1220	45	ʔ-gʷəy²	COMB			
1221	8	luu	HEAD		5024	PKC #1024
1221	50	kləɁᴰ	HEAD		7345	TL#141
1226	42	V-ci:tᴸ	GOAT / SHEEP			
1227	63	m-raŋ	STARE, LOOK AT, WATCH		7752	PCN #205
1227	23	ᴬʰmraŋ	SEE			
1227	42	mraŋ¹	SEE			
1227	42	s-mraŋ¹	SHOW			
1229	5	ken	KNOW		6375	JS-HCST: 91
1229	12	C̥-kʰyeŋ	KNOW			
1232	45	tsi¹	HAIR (HEAD)			
1233	5	gup	SIT ON EGGS / HATCH		6676	JS-HCST: 199
1233	8	khup-I, khuʔ-II	COVER / TURN UPSIDE DOWN		4434	PKC #434
1233	68	huap	INCLUDE / COVER		4723	"PKC #723 (""PNC"")"
1233	8	hup-I, huʔ-II	COVER / PROTECT		4708	PKC #708
1235	42	plu¹	WHITE / SILVER / MONEY			
1251	8	kuup ⪤ khuup ⪤ khuuk	KNEE		4298	PKC #298
1251	66	kʰuk	KNEE		6974	DRM#571
1251	63	m-khuk	KNEE		7811	PCN #264
1269	8	luŋ	STONE / ROCK		5054	PKC #1054
1269	42	k-lok ⪤ k-loŋ	STONE		6145	JAM-TIL: 47
1269	5	lɯŋ	STONE		6444	JS-HCST: 195
1269	66	luŋ	STONE		6907	DRM#501
1269	50	loŋᴮ	STONE, ROCK		7486	TL#282
1269	63	luŋ	STONE, ROCK		7776	PCN #229
1269	16	loʔŋ-tai	STONE			
1269	12	C̥-luŋ	STONE			
1269	23	ᴮʰjuŋ	STONE			
1269	29	ʔluŋ	STONE			
1269	45	k-lokᴸ	STONE			
1278	42	ʔ-gakᴸ	BRANCH			
1278	5	ɦak	BRANCH		6653	JS-HCST: 109
1281	50	thaᴬ	HANDSPAN (about 8-9 inches)		7371	TL#167
1282	8	kut-tum ⪤ khut-tum	FIST		4281	PKC #281
1282	8	tum	CLENCH		4186	PKC #186
1283	8	yaŋ	PENIS / STINGER (of bee)		5224	PKC #1224
1283	66	ʃaŋ	PENIS		6889	DRM#480
1284	45	(n)-li²	PENIS			
1288	8	C-may	TAIL		4794	cf. PKC #794; cf. 'fire'
1288	45	ʔmri²	TAIL			
1288	5	me ~ mjo	TAIL		6452	JS-HCST: 45
1288	42	ʔ-m(r)ay²	TAIL			
1289	66	rik	ARMPIT		7001	DRM#601
1289	63	k-lik	TICKLE		7806	PCN #259
1291	29	kun	PUS			
1294	8	hnaay	PUS / SAP		4901	PKC #901
1294	66	naj	PUS		6793	DRM#380
1294	63	a-hnaj	PUS		7590	PCN #043
1305	8	ɓa(a)ŋ ⪤ pa(a)ŋ	WALL / FLANK / SIDE		4055	PKC #55
1305	66	bak	SIDE		7100	DRM#718
1306	8	ŋaa	FIVE		4855	PKC #855
1306	5	ŋo	FIVE		6647	JS-HCST: 160
1306	66	ŋa	FIVE		6754	DRM#341
1306	50	ŋjatᴰ	FIVE		7321	TL#116
1306	42	ŋa²	FIVE			
1306	63	pha-ŋa	FIVE		7559	PCN #012
1310	8	la(a)m ⪤ hla(a)m	YARD / ARMSPAN / CORD		5071	PKC #1071
1310	5	rjam	FATHOM		6562	JS-HCST: 143
1310	42	s-lam¹/²	FATHOM		624	cf. HPTB pp.249, 253, 254
1310	50	blaᴮ	ARMSPAN (with closed hand)		7372	TL#168
1373	8	taay	WAIST		4242	PKC #242
1373	42	N-day³	LEVEL EXPANSE / PLAIN			
1381	8	luŋ	HEART / LIVER		5025	PKC #1025
1381	66	luŋ	HEART		6903	DRM#496
1381	63	m-luŋ	HEART / BE ROUND	a	7778	PCN #231
1381	63	ləm	HEAD / HEART / MIND	b	7694	PCN #147
1383	5	mit-pran	FORGET		6460	JS-HCST: 377; cf. ORPHAN, EXTINGUISHED
1390	8	thin	LIVER		4397	PKC #397
1390	5	zin	LIVER		6641	JS-HCST: 58
1390	66	tʰin	LIVER		6876	DRM#466; cf. #6758 BILE
1390	50	swɨnᴮ	LIVER		7377	TL#173
1390	63	m-sən	LIVER		7719	PCN #172
1390	12	C̬-sin	LIVER			
1390	45	sin²	LIVER			
1390	42	sin² ⪤ tsin²	LIVER / BITTER			
1401	8	tsoo-I, tsoot-II	BLIND		4523	PKC #523
1408	5	tat²	LISTEN / HEAR		6615	JS-HCST: 88
1409	63	p(j)aŋ	DEAF		7742	PCN #195
1409	45	baŋ²	DEAF			
1410	8	ʔen	LOOK / BEHOLD / GLANCE		4494	PKC #494
1411	42	gla²	HEAR / LISTEN			
1415	5	nam	SMELL (v.)		3190	JS-HCST: 171
1415	8	nam	SMELL (v.)		4835	PKC #835
1415	66	nam	SMELL		6853	DRM#442
1415	50	(h)nɨmᴬ	SMELL (v.)		7467	TL#263
1415	63	m-hnaːm	SMELL / STINK		7663	PCN #116
1415	70	hniim	SNIFF / SMELL (v.)		4904	"PKC #904 (""PCC"")"
1416	8	rim	ODOR / SMELL		4956	PKC #956
1416	63	a-hrəm	SMELL (n.), ODOR		7692	PCN #145
1420	70	hmuy	SMELL (good) / FRAGRANT		4881	"PKC #881 (""PCC"")"
1429	5	mɯt	HAIR (OF BODY)		6482	JS-HCST: 213
1431	8	raŋ	HORSE		4949	PKC #949
1431	42	mraŋ²	HORSE			
1444	23	ᴮdum	THICK			
1455	8	ŋaa ⪤ hŋaa	FISH		4853	PKC #853
1455	5	ŋo	FISH		6646	JS-HCST: 117
1455	66	ŋa	FISH		7034	DRM#637
1455	63	a-hŋaʔ	FISH		7560	PCN #013
1456	8	yaa-I, yaat-II	ITCH / TICKLE		5210	PKC #1210
1457	8	thak-I, -thaʔ-II	ITCH / ITCHY		4393	PKC #393
1457	63	m-sak	ITCH (v.)	a	7790	PCN #243
1457	63	m-ʃak	SCRATCH (v.)	b	7791	PCN #244
1457	50	saɁᴰ	ITCHY		7360	TL#156
1457	5	fak	ITCH		6675	JS-HCST: 59
1458	5	ɦok	SCRATCH (to stop an itch)		6321	JS-HCST: 109
1462	66	kʰot	SCRATCH / SCRAPE		6951	DRM#546
1470	23	ᴮmar	GOLD			
1470	23	ᴬmar	BUTTER			
1471	8	tshuaŋ	CREST / COMB (n.)		4585	PKC #585
1600	8	ʔaar	FOWL / CHICKEN		4486	PKC #486
1600	66	ar	FOWL		6917	DRM#511
1600	63	haːn-a	CHICKEN		7712	PCN #165
1603	8	waa	BIRD		5134	PKC #1134
1603	66	wa	BIRD		6732	DRM#318
1604	66	ta	BIRD		7096	DRM#714
1604	50	thoᴮ	BIRD		7227	TL#22
1606	5	rok	CHICKEN		6574	JS-HCST: 218
1612	8	ʔim	HOUSE		4492	PKC #492
1612	42	yim¹	HOUSE		6125	JAM-MLBM:90, HPTB:35
1612	66	ʃim	HOUSE		6859	DRM#448
1612	63	a-jam	HOUSE / VILLAGE		7682	PCN #135
1612	45	yim¹	HOUSE			
1612	50	hyi[m]	HOUSE			
1612	23	ᴮdim	HOUSE			
1613	5	sup	NEST / LAIR		6603	JS-HCST: 105
1613	63	a-sap	NEST / WEB		7699	PCN #152
1613	45	(d)zyi	PLACENTA / NEST		1347	
1615	23	ᴬdzaŋ	NEST			
1616	50	linᴮ	VAGINA		7520	TL#315
1618	45	C-mi²	WOMAN			
1618	50	hmɨᴮ	FEMALE, WOMAN		7317	TL#112
1618	5	mji-məː	WOMAN		6464	JS-HCST: 140
1618	5	mi-fVŋ?	WIFE		6454	JS-HCST: 99
1618	42	m(y)i-n²	WIFE		5803	
1619	45	C-ma³	FEMALE SUFFIX			
1619	50	məᴮ	MOTHER, FEMALE (OF ANIMALS)		7398	TL#194
1620	8	maw	BRIDE / GROOM		4754	PKC #754
1620	50	muᴮ	FEMALE (HUMANS), MOTHER		7318	TL#113
1621	8	nuu	FEMALE	a	4814	PKC #814
1621	8	nuu	MOTHER	b	4820	PKC #820
1621	12	ɲəːw	BIG / MOTHER		6116	from WTF-PNN:458
1621	5	nə	MOTHER		6501	JS-HCST: 114
1621	8	nu-ŋaak ⪤ ŋaak-nuu	MAIDEN / BELLE / WOMAN (unmarried)	c	4818	PKC #818
1628	8	tshuŋ	INSIDE / WITHIN / HOUSEHOLD			
1629	63	a-phi	BELT, STRAP, ROPE (WEAVER'S)		7607	PCN #060
1631	63	a-tʃə	WATER		7644	PCN #097
1631	23	"	ᴮkjui"	WATER			
1634	8	paa	FATHER	a	4145	PKC #145
1634	8	paa	MALE	b	4154	PKC #154
1634	66	ba	FATHER / MALE		6995	DRM#595
1634	50	phaᴬ	MALE (OF ANIMALS), FATHER		7386	TL#182
1634	63	pa	HE / SHE (3sg.)		7548	PCN #001
1646	42	m-ga²	WANT / THINK / LOVE			
1651	8	tshuul	WOMB / UTERUS		4610	PKC #610
1654	5	pɯ	EGG		6545	JS-HCST: 86
1655	42	z(y)aŋ²	EXCREMENT / RUST / BLIGHT			
1705	12	N-liːŋ	DRINK			
1713	50	Ɂɔᴬ	DRINK (v.)		7296	TL#91
1715	8	haam	YAWN		4747	PKC #747
1715	66	ham	YAWN		7018	DRM#619
1716	63	xa	YAWN (v.)		7564	PCN #017
1719	8	ɗaŋ	UVULA / PALATE		4115	PKC #115
1733	8	ɓuu	NEST / DEN		4038	PKC #38
1752	50	ʔaʔ	MUTE / DUMB			
1752	8	ʔaa-I, ʔaat-II	STUTTER / MUTE		4510	PKC #510
1753	8	ɓia-I, ɓiak-II	TALK TO / WORSHIP		4049	PKC #49
1757	23	ᴬtam	WORD			
1764	8	ʔuy	DOG		4476	PKC #476
1764	5	kwiː	DOG		6016	JS-HCST: 90
1764	12	kuəy (kreːŋ)	DOG		6017	WTF p.479
1764	42	kʷəy²	DOG		6045	
1764	50	thwíʔ	DOG		6047	
1764	66	hwɨ	DOG		6805	DRM#392
1764	50	thwiᴮ	DOG		7292	TL#87
1764	63	khjəj	DOG		7651	PCN #104
1764	50	thwiᴮmiᴬ	FOX, WOLF		7329	TL#125
1770	23	ᴬgloŋ	SWALLOW			
1777	8	kray	BITE / CHEW		5313	PKC #1313
1777	66	kej	BITE		6811	DRM#398
1778	63	m-tʃak	CHEW		7797	PCN #250
1783	8	lua-I, luak-II	VOMIT		5063	PKC #1063
1784	66	ŋar	SNORE		7152	DRM#774
1784	70	hnaar	SNORE		4905	"PKC #905 (""PCC"")"
1788	8	hmaa	WOUND / SCAR		4883	PKC #883
1788	66	ma	SCAR / WOUND		7122	DRM#744
1788	63	hma	WOUND, SORE		7551	PCN #004
1795	66	kʰa	COUGH		6738	DRM#324
1795	50	kukᴰ	COUGH (v.)		7268	TL#63
1795	8	khuʔ	COUGH		4433	PKC #433
1795	63	a-khu(t)	COUGH (v.)		7629	PCN #082
1810	42	raŋ¹	BREATHE / DRAW (BREATH)			
1825	66	caŋ	THIRST			
1830	5	yet ⪤ yen	SATIATED			
1839	42	sak	ROUGH			
1842	12	raŋ	HARD			
1842	8	khraŋ-I, khran-II	GROW / INCREASE / RISE		5345	PKC #1345
1842	63	m-raŋ	HARD / STRONG		7753	PCN #206; meso of #1842?
1842	8	khrooŋ	STRONG			
1844	66	tsa	ILL / HURT	a	6746	DRM#333
1844	66	sa	HOT / SPICY / PUNGENT	b	7106	DRM#727
1844	8	saa-I, sat-II	HOT		4653	PKC #653
1844	63	tsha	HOT / HURT		7569	PCN #022
1844	50	chaᴬ	ILL, PAINFUL, SICK		7356	TL#152
1847	5	ki	ILL		6377	JS-HCST: 91
1860	12	ma	LOSE		6214	WTF-PNN: 516
1860	50	maᴮ	DISAPPEAR, LOST		7291	TL#86
1865	63	su(ʔ)	BE BORN / GIVE BIRTH		7631	PCN #084
1906	5	duŋ	SIT		6674	JS-HCST: 190
2003	42	dakᴸ	COCKSPUR / HOOF			
2009	50	noŋᴬ	HORN		7351	TL#147
2012	8	kii	HORN		4291	PKC #291
2014	42	N-tsey³	SUMMIT / CREST / COCK'S COMB			
2014	42	ʔN-tsey¹	SUMMIT / CREST / COCK'S COMB			
2018	5	prat²	PLAIT		6527	JS-HCST: 124
2018	42	pan¹/² ⪤ Ȼ-pat	BRAID / PLAIT / INTERWEAVE			
2018	8	phan	WEAVE / CREATE / KNIT		4366	PKC #366
2034	63	tʃak	FACE		7796	PCN #249
2060	70	wal	ENCIRCLE		5145	"PKC #1145 (""PCC"")"
2067	42	s-nukᴴ	BEAN		283	cf. HPTB pp.39, 40, 100, 315
2070	5	ruŋ	HOLE / DENT		6582	JS-HCST: 119
2071	8	raʔ	FRUIT		4941	PKC #941
2080	8	ruaʔ	RAIN (n.)		4964	PKC #964
2080	63	rwa/ru	RAIN		7586	PCN #039
2102	42	wu ⪤ ru	INTESTINE / KIDNEY			
2103	8	poo	BELLY / STOMACH		4123	PKC #123
2103	50	g-phowᴬ	STOMACH		7485	TL#281
2103	23	ᴮpho	BELLY			
2112	50	breɁᴰ	INTESTINES		7358	TL#154
2120	5	krat¹-pjɯl 	KIDNEY		6392	JS-HCST: 52
2121	23	ᴮglwap/ᴬglwap	LUNG			
2125	5	kri	INTESTINES / BELLY		6395	JS-HCST: 431
2127	8	ril ⪤ rul	INTESTINES / BOWELS / ENTRAILS		4952	PKC #952
2127	66	ril	INTESTINES		6910	DRM#504
2127	63	a-(h)rə	INTESTINES		7648	PCN #101
2131	8	haʔ-thiaw	SNEEZE		4739	PKC #739
2134	42	(s-)nak ⪤ naŋ²	step on, tread			
2136	8	may	FIRE		4767	PKC #767
2136	5	mə	FIRE		6473	JS-HCST: 164
2136	66	mej	FIRE		6815	DRM#402
2136	50	hmeᴮ	FIRE		7319	TL#114
2136	63	mej(ʔ)	FIRE		7601	PCN #054
2136	42	s/ʔ-mey²	FIRE			
2137	8	lay ⪤ hlay	BUY /  EXCHANGE		4997	PKC #997
2137	66	lo	BUY		6775	DRM#362
2137	68	laay	CHANGE		5001	"PKC #1001 (""PNC"")"
2137	12	lyay	CHANGE / EXCHANGE			
2137	12	rey	BUY			
2137	34	lyay	EXCHANGE			
2138	66	ʔa	3RD PERSON		7054	DRM#664
2142	8	ʔaaw	SCREAM / CALL OUT / SHOUT		4501	PKC #501
2143	8	pan	THIN / LANK / SPARSE	b	4165	PKC #165
2146	8	ɓaak	BAT		4006	PKC #6
2146	12	C̬-bak	BAT		6710	WTF-PNN: 454
2146	66	paak	BAT		7103	DRM#724
2149	66	pam	SIT		6852	DRM#441
2152	8	ʔur	BURN / SCORCH		4470	PKC #470
2152	5	par	IGNITE		6506	JS-HCST: 224
2153	8	paar	FLOWER		4147	PKC #147
2153	66	bon	FLOWER		6879	DRM#469
2154	45	b-way²	LEFT			
2154	66	joj	LEFT SIDE			
2155	8	ɓee	BEAN / PEA		4007	PKC #7
2155	5	peː	BEANS		6513	JS-HCST: 157
2158	5	bi	GIVE		6250	JS-HCST: 92
2158	42	bəy²	GIVE		204	HPTB p.19
2158	8	pia-I, piak-II	GIVE / OFFER / ASSIGN / PRESENT			
2158	70	pee-I, peek-II	GIVE / OFFER / ASSIGN / PRESENT			
2159	50	pleᴬ	SLIPPERY		7466	TL#262
2166	42	ʔ-rakᴸ	ROCK / STONE			
2176	8	ɓul	STUMP / BASE		4048	PKC #48
2176	66	pal	TRUNK (OF TREE)		7063	DRM#674
2177	8	puu-I, put-II	CARRY (on shoulder)		4131	PKC #131
2177	42	bəw²	CARRY ON BACK		200	HPTB pp.183, 477
2177	63	pu(ʔ)	CARRY (SHOULDER / BACK)		7614	PCN #067
2177	66	wu	CARRY (ON SHOULDERS)		6780	DRM#367
2178	5	bɯ	SNAKE		6273	JS-HCST: 92
2178	42	bəw²	INSECT / VERMIN / BUG / SNAKE			
2178	5	bɯ-rem	PYTHON			
2179	8	ɓuʔ	RICE (cooked)		4044	PKC #44
2179	50	ɓɯᴮ'	RICE			
2183	5	paŋ	UNCLE (paternal)		6509	JS-HCST: 86
2185	42	s-watᴴ	BLOOM / FLOWER			
2186	8	ɓuy ⪤ puy	MOUSE / RAT (bamboo) / MOLE		4036	PKC #36
2187	42	bya²	BEE			
2187	45	bya²	BEE			
2189	5	bjar	FLY (v.)		6251	JS-HCST: 139
2202	5	dɯk	POISON (generic)		6298	JS-HCST: 221
2204	8	ɗuŋ ⪤ tuŋ	LENGTH		4092	PKC #92
2206	5	tup	STRIKE		6625	JS-HCST: 200
2215	66	tsar	SISTER		6919	DRM#513
2218	42	(N/ʔ)tsuk	PIERCE / STAB			
2219	42	dzwan¹	HAWK / KITE		2219	cf. STC p.49, HPTB pp.30, 259
2221	66	ʃim	SWEET		6861	DRM#450
2221	50	chɨmᴬ	SALTY, SWEET		7449	TL#245
2231	5	gam (~ gjam?)	BITE		6317	JS-HCST: 142
2232	8	kaap	SHOOT		4309	PKC #309
2232	5	ap	SHOOT (v.)		6246	JS-HCST: 145
2232	66	kaap	SHOOT		6936	DRM#531
2232	50	khaɁᴰ	SHOOT (v.)		7459	TL#255
2234	63	khən	SONG		7718	PCN #171
2235	8	kaw	CALL / SHOUT		4262	PKC #262
2237	42	gyi ⪤ dzyi	RIDE (HORSE, VEHICLE)		2237	STC p.184
2249	42	Nkrok	FEAR / BE AFRAID			
2249	42	ʔkrok	FRIGHTEN			
2252	42	gukᴸ	CROOKED / BENT / KNEE / ANGLE			
2256	5	ge ?	CLOTHES		6322	JS-HCST: 98
2256	42	gwa²	WEAR			
2256	50	kwan	put on (lower clothes)			
2257	8	ɓuy ⪤ wuy	ELEPHANT		4023	PKC #23
2257	66	m-pu	ELEPHANT		7008	DRM#608
2258	8	yaa	HUNDRED		5207	PKC #1207
2258	50	g-rjaᴬ	HUNDRED		7354	TL#150
2258	12	C̬-kʰya	HUNDRED			
2258	66	ʃa	HUNDRED		6745	DRM#332
2259	8	riat	EIGHT		4935	PKC #935
2259	42	ʔ-ritᴸ	EIGHT		94	
2259	66	ʃɐt	EIGHT		6944	DRM#539
2259	50	khrɔtᴰ/grɔtᴰ	EIGHT		7306	TL#101
2259	45	C-yetᴸ	EIGHT			
2260	8	haak	CHOKE / GAG / THROTTLE		4704	PKC #704
2260	63	a-hrak	CHOKE (vi.)		7802	PCN #255
2264	66	hla	SHADOW / SPIRIT / SOUL		7109	DRM#730
2264	8	khlaa	SPIRIT / IMAGE / SHADOW (n.) / SOUL		5300	PKC #1300
2274	42	ʔwyik	ELDER SIBLING			
2296	42	{C}-kap~kam	DRAW WATER			
2300	5	kar	STAR		6371	JS-HCST: 90
2300	23	ᴮsar	STAR			
2300	8	ʔaar-θii ⪤ -sii	STAR			
2301	8	khat ⪤ ʔat ⪤ hat	ONE		4450	PKC #450
2301	63	khaj	ONE			
2303	8	khaaw	GRASSHOPPER		4445	PKC #445
2303	66	kʰaw	GRASSHOPPER		6803	DRM#390
2304	8	ʔaay	CRAB		4472	PKC #472
2304	5	ke ~ kjo	CRAB		6376	JS-HCST: 91
2304	8	kaay- ⪤ ŋaay-kuaŋ	LOBSTER / CRAB / SHRIMP		4299	PKC #299
2304	50	chwɛᴮ	CRAB		7269	TL#64
2306	8	keel	GOAT		4286	PKC #286
2306	12	gyal	GOAT		6039	
2308	8	kay	TIGER		4317	PKC #317
2308	66	kʰu	TIGER		7097	DRM#715
2308	50	keᴬ	TIGER		7508	TL#303
2310	8	kil	ANGLE / CORNER	a	4251	PKC #251
2310	8	kir	CURL	b	4270	PKC #270
2310	23	ᴬkʰil	ROLL			
2310	8	y(i/u)al	ROLL / ROLL UP		5231	PKC #1231
2310	3	s-(g)ril	MOVE / ROLL / TWIST		5436	cf. HPTB pp. 410, 411
2310	8	hrual	ROLL / TWIST		5096	PKC #1096
2312	45	tsin¹	WEIGH			
2312	42	kyiːn¹	WEIGH			
2313	50	d-khejᴬ	DEER (BARKING~)		7284	TL#79
2313	66	caw	DEER		6800	DRM#387
2313	8	sha-khii	DEER		4437	PKC #437
2315	8	klaa-I, klaak-II	FALL / DROP (v.i.)	a	5259	PKC #1259
2315	8	khlaa-I, khlaak-II	DROP (v.t.) / LET FALL	b	5285	PKC #1285
2315	66	loj	FALL (FROM A HEIGHT)		6888	DRM#479
2315	42	gla-y³ ⪤ ʔgla-y¹	FALL			
2316	42	glak	BOIL			
2316	42	ʔglak	CAUSE TO BOIL			
2317	8	khlaw	WEED (v.) / HOE (v.) / PLOUGH		5308	PKC #1308
2321	63	a-hl[a/ə]p	WRAP / COVER (v.)		7705	PCN #158
2322	66	koŋ	RIVER		7041	DRM#644
2325	5	ko ~ kjo	DIG (HOLE)		6387	JS-HCST: 162
2325	50	khuᴮ	DIG		7288	TL#83
2326	8	kooy	CURVE / CROOKED		4271	PKC #271
2328	66	caaŋ	MOSQUITO		7007	DRM#607
2329	5	krap	WINNOW		6390	JS-HCST: 132
2333	5	rit	GRIND (CRUSH INTO POWDER)		6561	JS-HCST: 206
2333	42	Nkrit	GRIND			
2337	8	kriʔ	FEAR / AFRAID		5321	PKC #1321
2337	66	ci	FEAR		6763	DRM#350
2338	8	k(h)rok	SOUR			
2346	8	khruu	DOVE		5343	PKC #1343
2346	5	kɯ	DOVE / PIGEON		6414	JS-HCST: 168
2346	66	ʃu	DOVE		7089	DRM#706
2346	45	m-krəw²	DOVE			
2348	66	hri	SON-IN-LAW		6772	DRM#359
2350	8	khru(u)y	SEW / STITCH		5351	PKC #1351
2350	63	hrəj	SEW / STITCH		7658	PCN #111
2353	66	kʰok	PEEL / STRIP (v.)			
2355	8	kul	TWENTY		4320	PKC #320
2355	66	kul	TWENTY		6914	DRM#508
2355	63	mu-kju	TWENTY		7630	PCN #083
2358	8	ku(u)ŋ	STALK / TREE / TRUNK		4313	PKC #313
2361	8	khuu	FUMES / STEAM / SMOKE (n.)	a	4444	PKC #444
2361	8	may-khuu	SMOKE (n.)	b	4789	PKC #789
2361	5	mə-kɯ	SMOKE		6475	JS-HCST: 168
2361	66	kʰut	SMOKE		6953	DRM#549
2361	42	kəw²	SMOKE		382	HPTB p.182
2361	12	kʰəw	SMOKE			
2361	63	khuʔ	SMOKE		7628	PCN #081
2361	16	ku	SMOKE			
2362	5	kɯ	UNCLE (maternal)		6415	JS-HCST: 90
2362	63	ku	UNCLE / FATHER-IN-LAW		7623	PCN #076
2364	42	gəw²	NINE		6220	
2364	66	ko	NINE		6777	DRM#364
2364	8	kua	NINE			
2364	63	t-ku	NINE		7624	PCN #077
2364	50	khwiᴬ	NINE		7407	TL#203
2364	23	ᴮku(ː)	NINE			
2365	50	howᴮ	STEAL (v.)		7483	TL#279
2365	45	ko²	STEAL			
2365	42	kəw²	STEAL			
2365	63	a-hu	STEAL		7638	PCN #091
2365	12	C̬-kəːw	STEAL			
2370	8	khuay	BEE		4423	PKC #423
2370	66	kʰoj	BEE		6836	DRM#424
2370	23	ᴮgwai	BEE			
2370	8	khuay-lul ⪤ -hlul	BEESWAX / WASP		4990	PKC #990
2370	8	khuay-waʔ	HONEYBEE			
2370	8	khuay-ŋal	HORNET (bee)		4859	PKC #859
2370	50	kwatᴰ	BEE (Apis cerana)		7222	TL#17
2378	8	kloŋ	HERD / GRAZE / LEISURE		5262	PKC #1262
2379	50	chjaNᴮ	SOUR		7472	TL#268
2380	42	kyuw = kyəw	SWEET		2380	STC p.60
2385	5	lo	SALT		6146	JS-HCST: 161
2386	66	la	BOW / ARROW		6734	DRM#320
2386	50	blaᴮ	ARROW, DART		7209	TL#4
2386	63	laʔ	BOW (n.)		7582	PCN #035
2386	45	C-mla²	ARROW			
2387	8	laa	COTTON		5004	PKC #1004
2393	66	laaŋ	RAPTOR		7013	DRM#613
2393	50	hlaŋᴬ/ᴮ k-daɁᴰ	VULTURE		7522	TL#317
2397	8	lay ⪤ hlay	EXCEED / SURPLUS		5016	PKC #1016
2400	8	laay ⪤ hlaay	DIG / DELVE / HOE (v.)		5009	PKC #1009
2401	8	hlip ⪤ hlep	CUT (flesh) / SKIN (v.)		5105	PKC #1105
2401	63	ləp	CUT (v.)		7704	PCN #157
2408	8	liit ⪤ hliit	LEECH (water)		5029	PKC #1029
2408	63	m-lVt	LEECH (water)		7740	PCN #193
2408	50	k/s-lejᴬ	LEECH (water)		7364	TL#160
2409	8	lii	FOUR		5022	PKC #1022
2409	12	bə ləy	FOUR		6081	from French 1983:492
2409	5	pri	FOUR		6082	JS-HCST: 124
2409	23	ᴮbli	FOUR		6083	MM-Thesis: 736
2409	42	b/ʔ-ləy²	FOUR		6085	cf. HPTB pp.56, 477
2409	50	lwi-t	FOUR		6089	from STC: 162n436
2409	66	ti	FOUR		6764	DRM#351
2409	63	phV-ləj	FOUR		7659	PCN #112
2409	16	brəi	FOUR			
2409	45	b-le²	FOUR			
2409	5	pri-ñi	EIGHT			
2410	45	m-le²	GRANDCHILD			
2410	50	lejᴬ	GRANDCHILD		7337	TL#133
2411	8	lii	BOW / SPRING		4994	PKC #994
2411	5	rji	BOW (WEAPON)		6566	JS-HCST: 143
2411	63	li-tʃak	BOW / SLINGSHOT			
2411	12	laᴮ	BOW			
2411	50	khli	BOW (weapon)			
2411	50	klejᴮ	CROSSBOW		7274	TL#69
2412	8	khlii	AIR / WIND		5276	PKC #1276
2412	5	rji	WIND (n.)		6567	JS-HCST: 144
2412	66	ʃi	WIND (n.)		6991	DRM#589
2412	12	gleːy	WIND			
2412	42	s/ʔ-ləy¹	WIND			
2412	50	lèi'	WIND			
2413	50	klejᴬ	BOAT		7233	TL#28
2414	8	ʔuy-hlii	FLEA		5110	PKC #1110
2414	5	fi	FLEA		6307	JS-HCST: 101
2414	63	a-hləj(ʔ)	FLEA		7662	PCN #115
2414	42	ʔ-liy²	FLEA			
2414	50	kliᴬ ⪤ kliɁᴰ	FLEA		7324	cf. TL#119
2415	66	hrit	HEAVY		6948	DRM#543
2415	63	rət	HEAVY		7739	PCN #192
2415	5	ɦit	HEAVY		6656	JS-HCST: 110; meso of #2415?
2415	8	rik-I, riʔ-II	HEAVY		4947	PKC #947; meso of #2415?
2415	12	lyəy	HEAVY			
2415	45	C-li²	HEAVY			
2415	42	s-ləy²	HEAVY			
2416	8	looŋ	BOAT / SHIP / VESSEL		4993	PKC #993
2416	12	loːŋ	BOAT			
2416	63	a-ruŋ	BOAT		7775	PCN #228
2417	8	law	FARM / FIELD		5017	PKC #1017
2417	66	low	FIELD		6830	DRM#418
2417	63	hlu	FIELD / GROUND		7635	PCN #088
2418	12	low	LONG / TALL		6236	WTF-PNN: 515
2420	8	lum ⪤ hlum	WARM / HOT		5065	PKC #1065
2420	66	lum	WARM		6867	DRM#456
2420	50	lamᴬ	WARM		7525	TL#320
2420	63	l[a/ə]m	WARM		7698	PCN #151
2425	8	khlaʔ	RELEASE / SET FREE		5297	PKC #1297
2425	8	hloo-I, hloot-II	EXPEL / ABANDON		5107	PKC #1107
2425	5	lut¹	SLIP (v.)		6435	JS-HCST: 208; note that ¹ is not a tone
2426	66	plaj	EASY / CHEAP		6786	DRM#373
2426	63	m-laj	EASY		7597	PCN #050
2427	68	looy	BUFFALO		4996	"PKC #996 (""PNC"")"
2427	66	loj	WATER BUFFALO		6843	DRM#431
2428	8	luuy	RIVER / STREAM / BROOK		5046	PKC #1046
2432	5	ǰep ~ rjap?	FLAT		6355	JS-HCST: 95
2436	63	maʔ	NO (REFUSAL)		7550	PCN #003
2440	42	maŋ²	OLD (of people)		7178	DL:1031
2445	66	ma	RICE (IN FIELD)		7124	DRM#746
2445	50	may	RICE / PADDY			
2447	50	hmai	MOLE (on skin)			
2449	8	hmin	RIPE / WELL-COOKED		4879	PKC #879
2449	42	s/ʔ-min¹	RIPE / SWEET / DELICIOUS		6148	JAM-HPTB: 602
2449	5	min	RIPE		6457	JS-HCST: 179
2449	66	min	RIPE / WELL-COOKED		6877	DRM#467
2449	50	hminᴬ	RIPE, COOKED		7443	TL#239
2449	63	hmən	RIPEN, BE RIPE / BE COOKED		7717	PCN #170
2449	12	min	RIPE			
2449	45	s-miŋ³	RIPE			
2450	8	miŋ ⪤ hmiŋ; min ⪤ hmin	NAME		4776	PKC #776
2450	5	mɯn ~ mrɯŋ	NAME		6480	JS-HCST: 131
2450	66	miŋ	NAME		6896	DRM#488
2450	50	minᴬ	NAME		7402	TL#198
2450	63	a-miŋ	NAME		7756	PCN #209
2453	66	lej	EARTH		6814	DRM#401
2453	63	a-lej	GROUND, EARTH / FIELD		7604	PCN #057
2453	8	lay	EARTH / SOIL / WORLD		5013	PKC #1013
2453	50	miᴬ	WILD		7538	TL#333
2457	8	mooy	BEAUTIFUL / APPROPRIATE		4751	PKC #751
2460	45	(C)-mrukᴸ	GRASS			
2462	42	myukᴸ	MONKEY		6040	JAM-TSR: 133
2462	50	joɁᴰ	MONKEY		7396	TL#192
2465	12	muk	THUNDER		6144	WTF-PNN: 568
2465	63	[h]muk	THUNDER		7809	PCN #262
2471	8	muu ⪤ hmuu	HAWK / BIRD OF PREY		4771	PKC #771
2471	5	mɯ	EAGLE / HAWK		6478	JS-HCST: 168
2472	45	s-mo¹	MUSHROOM			
2472	42	ʔ-məw¹	MUSHROOM			
2473	5	m(ə/u)k	CLOUD		6121	JS-HCST: 220
2477	8	yiik	TIP / TOP / EDGE / SPROUT		5241	PKC #1241
2483	8	nak	BLACK		4803	PKC #803
2483	42	s-nakᴴ	BLACK		6046	
2483	12	C̥-ɲak	BLACK		6255	WTF-PNN: 459
2483	45	C-nakᴴ	BLACK			
2483	63	a-njak	BLACK		7785	PCN #238
2487	45	s-nam²	SESAME			
2487	42	s/|ʔ-nam²	SESAME			
2489	8	naŋ	YOU		4845	PKC #845
2489	5	noː	THOU		6497	JS-HCST: 115
2489	66	naŋ	2ND PERSON		7052	DRM#662
2489	42	naŋ¹	2ND PERSON PRONOUN		427	HPTB pp.2, 37, 249
2489	12	naŋ	THOU		7171	WTF-PNN:568
2492	8	naaw	CHILD / INFANT / YOUNG (n.)	a	4806	PKC #806
2492	8	naw	TENDER / SOFT / YOUNG	b	4841	PKC #841
2492	5	nɯ	BROTHER (younger)		6502	JS-HCST: 115
2492	66	naw	CHILD / YOUNG / YOUNGER AUNT		6799	DRM#386
2492	63	nu	SIBLING (YOUNGER)		7619	PCN #072
2493	66	ŋaj	TWIST / KNEAD		6794	DRM#381
2496	8	naay ⪤ hnaay	NEAR / CLOSE / ADJACENT		4823	PKC #823
2496	66	naj	NEAR		6791	DRM#378
2498	8	nay-I, nayʔ-II; hnay-I, hnayʔ-II	OWN / HAVE / POSSESS		4824	PKC #824
2499	42	ʔ-ni¹	RED			
2501	5	ñiŋ	YEAR		6166	JS-HCST: 188
2501	50	hneŋ	YEAR		6167	STC 79n243, 136n369
2501	63	niŋ	SKY / YEAR		7757	PCN #210
2501	45	s-nikᴴ	YEAR			
2501	50	hneŋᴮ	YEAR		7543	TL#338
2504	8	niʔ ⪤ hniʔ	TWO		4844	PKC #844
2504	66	ni	TWO		6774	DRM#361
2504	50	k-hnejᴬ	TWO		7518	TL#313
2504	63	a-ni(t)	TWO		7609	PCN #062
2504	16	ni	TWO			
2504	12	ʔ-ni	TWO			
2504	42	ʔ-nit ⪤ ni²	TWO			
2504	45	s-ni(k)²/ᴸ|	TWO			
2504	5	pri-ñi	EIGHT			
2504	23	ᴮniː	TWO			
2505	42	ʔ-nit ⪤ ši²	SEVEN		6159	HPTB:434 denotes ši² as Proto-Loloish
2505	5	kV-nɯt	SEVEN		6160	JC-HCST:213
2505	12	C̬-nit	SEVEN		6161	WTF-PNN: 544
2505	50	hnət / hnwi-t	SEVEN		6162	STC 130n355
2505	66	ni	SEVEN		6771	DRM#358
2505	50	Ɂnweᴬ, Ɂnwetᴰ	SEVEN		7454	TL#250
2505	63	th-ni(t)	SEVEN		7608	PCN #061
2505	23	ᴮʰnis	SEVEN			
2505	45	C-ʃi(k)²/ᴸ	SEVEN			
2505	8	sa-riʔ	SEVEN		4672	PKC #672
2507	8	nii	AUNT (father's sister)		4801	PKC #801
2507	66	ni	MOTHER-IN-LAW / PATERNAL AUNT		6768	DRM#355
2512	8	nuul	RUB / BRUSH / WIPE	a	4830	PKC #830
2512	8	hnor ⪤ hnur	GRAZE / RUB / TOUCH	b		
2517	8	niam ⪤ hniam	SHORT / LOWER		4832	PKC #832
2517	66	nem	LOW		7046	DRM#656
2517	8	neem	SOFT / FLEXIBLE		4838	PKC #838
2517	42	ʔnip	SQUEEZE / PRESS			
2517	63	a-hnjəm	LOW		7689	PCN #142
2517	8	hnim	DIP / DYE / SUBMERGE		4889	PKC #889
2517	8	h(n/ŋ)ip	SOFT		4907	PKC #907
2517	8	hneem	COMFORT / CONSOLE		4887	PKC #887
2517	8	nuam-I, nuamʔ-II	COMFORTABLE / PLEASANT		4807	PKC #807
2517	63	a-njəp	SOFT		7701	PCN #154
2525	50	hŋaᴬ	FRONT		7331	TL#127
2528	66	now	FRY		7071	DRM#684
2529	8	ŋaaw	MONKEY (long tail / grey)		4863	PKC #863
2529	63	ŋa	MONKEY		7558	PCN #011
2530	12	ŋaᴬ	I		6157	WTF-PNN: 506
2530	5	ŋoː	I		6648	JS-HCST: 117
2530	8	kay ⪤ kay-maʔ	I / ME / MY		4295	PKC #295
2530	63	aj	I, ME (1SG)		7587	PCN #040
2531	8	ŋaw	FAIR (skin color) / WHITE (of skin)		4852	PKC #852
2536	8	ŋuun	SILVER		4867	PKC #867
2536	12	ŋuil	SILVER			
2536	45	C-ŋwe¹	SILVER			
2541	42	s/ʔ-ŋa²	BORROW / LEND			
2541	45	s-ŋa²	BORROW (THING) / LEND			
2543	8	ʔool	FLACCID / SLACK		4484	PKC #484
2546	63	a-pwaʔ	FATHER		7584	PCN #037
2549	8	rua	BAMBOO		4919	PKC #919
2549	50	hwa	BAMBOO		6712	STC 139n374, HPTB p.305
2549	66	hwa	BAMBOO		6730	DRM#316
2549	42	wa²	BAMBOO			
2549	34	s-pu ⪤ m-pu	BAMBOO			
2549	63	r-hwaʔ	BAMBOO	b	7575	PCN #028
2549	63	pwa/pu	BAMBOO	a	7585	PCN #038
2549	50	hwaᴮ	BAMBOO		7213	TL#8
2555	8	wat ⪤ wot ⪤ wut	LEECH (land)		5158	PKC #1158
2555	5	pat¹	LEECH (land)		6508	JS-HCST: 53
2555	66	hwut	LEECH		6952	DRM#548
2555	42	k-r-watᴸ	LEECH			
2555	50	s-waɁᴰ	LEECH (land)		7363	TL#159
2559	8	pii	GRANDMOTHER		4151	PKC #151
2559	66	bɨ	GRANDMOTHER / MOTHER / AUNT / FEMALE		6996	DRM#596
2560	50	phaᴮ	ASHES, FIREPLACE		7211	TL#6
2562	63	ruŋ	BURN		7774	PCN #227
2563	23	ᴮpʰjoŋ	JUMP UP		6709	MM-Thesis: 679
2567	8	phraa-I, phrat-II	GOOD		5338	PKC #1338
2567	66	pʰra	GOOD		7040	DRM#643
2572	5	-pro?	GOOD (verbal particle)			
2574	8	prok	TOAD			
2576	8	ɓut-I, ɓuʔ-II	BOIL (v.)		4009	PKC #9
2576	50	phrɔᴬ	BOIL (v.)		7235	TL#30
2579	63	m-p[a/ə]n	WEAR (CLOTHES)		7728	PCN #181
2579	8	puan	BLANKET / COVER / GARMENT		4125	PKC #125
2582	8	puu	GRANDFATHER		4150	PKC #150
2582	66	bu	GRANDFATHER / UNCLE		7000	DRM#600
2582	42	ʔ-bəw²	GRANDFATHER			
2583	45	po²	PRICE			
2583	42	pəw²	PRICE			
2583	8	phuu	DEBT / REVENGE		4333	PKC #333
2585	8	waay	HUSK / CHAFF		5155	PKC #1155
2585	12	C-weːk	HUSK / HUSKS / CHAFF		6153	WTF-PNN: 506
2585	42	pway²	HUSK / CHAFF			
2585	50	pheᴬ	BRAN, CHAFF		7239	TL#34
2587	8	phiat ⪤ phiak	SWEEP		4359	PKC #359
2587	42	k-yak	SCOOP / SWEEP		6158	JAM-DL:1263
2587	5	pək	SWEEP		6404	JS-HCSTː 219
2587	63	(w)uk	SWEEP		7812	PCN #265
2588	42	byam¹	FLY (v.)		199	HPTB pp.19, 34, 74, 255
2588	63	a-jəm	FLY / FLOW			
2592	8	hraa	YAM / POTATO		5102	PKC #1102
2595	8	hram	OTTER		5091	PKC #1091
2595	5	ram	OTTER		6556	JS-HCST: 118
2595	66	ram	OTTER		6849	DRM#438
2595	42	sram¹	OTTER			
2595	12	(C̥-)rom	OTTER			
2595	63	raːm	OTTER		7671	PCN #124
2596	8	raal	ENEMY / BATTLE / WAR		4937	PKC #937
2596	66	raal	ENEMY / WAR		6909	DRM#503
2596	5	rol	ENEMY		6575	JS-HCST: 234
2597	63	a-hlaŋ	LONG (BE)		7755	PCN #208
2599	70	rap	SHELF (over fireplace)		4972	"PKC #972 (""PCC"")"
2599	5	rap	FIREPLACE SHELF		6558	JS-HCST: 197
2599	5	r(a/o)m	FIREPLACE / HEARTH		6557	JS-HCST: 176
2603	8	yaan ⪤ yoon	ALIGN / LINE UP		5182	PKC #1182
2606	5	rəː	BUY		6586	JS-HCST: 166
2606	50	breᴬ	BUY		7243	TL#38
2608	63	li	BE, EXIST, LIVE (COPULA) / HAVE		7612	PCN #065
2609	8	hrik	LOUSE (head) / BACTERIA		5088	PKC #1088
2609	5	fɯk	LOUSE (head)		6315	JS-HCST: 101
2609	66	hrik	LOUSE		6963	DRM#560
2609	63	a-hr(j)ak	LOUSE, LICE		7803	PCN #256
2610	8	rik ⪤ hrik	PHEASANT		4961	PKC #961
2610	50	(thoᴮ)reɁᴰ	PHEASANT		7421	TL#217
2610	42	rwakᴸ	PHEASANT			
2610	45	k-rökᴴ	PHEASANT			
2614	42	k-rip	SHADOW / SHADE			
2616	8	rii	LINE / BORDER / LIMIT		4955	PKC #955
2616	63	a-rəjʔ	BOUNDARY, BORDER		7656	PCN #109
2616	23	ᴬbri,ᴬbriː	WRITE			
2618	45	k-roŋ¹ 	CAT, LEOPARD		6062	DB-PLolo: 16
2618	42	k-roŋ¹	CAT / WILDCAT		364	HPTB p.138
2618	5	mjo	TIGER			
2618	23	ᴮmaŋ	TIGER			
2620	5	ru	FIR / PITCH PINE		6579	JS-HCST: 118
2621	8	ruk	SIX		4974	PKC #974
2621	5	krə	SIX		6184	JS-HCST: 132
2621	66	ruk	SIX		6975	DRM#572
2621	50	khrowᴬ	SIX		7463	TL#259
2621	63	t-ruk	SIX		7815	PCN #268
2621	42	C-krokᴸ	SIX			
2621	12	d-ruk	SIX			
2621	23	ᴮɖu,ᴮɖuː,ᴮɖuk	SIX			
2622	8	ruu-I, ruuk-II	STEAL		4978	PKC #978
2623	8	ruul	SNAKE		4975	PKC #975
2623	66	ruul	SNAKE		6913	DRM#507
2623	5	bɯr-taŋ	POISONOUS SNAKE / VIPER		6275	JS-HCST: 228
2623	50	rowᴮ	SNAKE		7470	TL#266
2623	63	ph-rə	SNAKE		7647	PCN #100
2623	42	m-r-wəy¹	SNAKE			
2627	66	kʰop	SEW		6939	DRM#534
2630	66	rwok	RAT / RODENT		6970	DRM#567
2636	8	riak-I, riaʔ-II	OVERNIGHT / SPEND THE NIGHT		4958	PKC #958
2638	8	rial	HAIL		4946	PKC #946
2638	63	rə(ʔ)	ICE, SNOW, HAIL		7646	PCN #099
2639	8	hriam	SHARP / POINTED		5099	PKC #1099
2640	8	(p)raŋ	UNCLE (father's sister's husband)		5311	PKC #1311
2651	12	saːr	NEW		6176	WTF-PNN: 526
2651	50	san / sành	NEW		6177	STC:147n401, RBJ-KLS:171
2651	8	thar	NEW / FRESH		4401	PKC #401
2651	66	tʰar	NEW		6918	DRM#512
2651	50	saNᴬ	NEW		7406	TL#202
2651	63	a-saːn	NEW		7707	PCN #160
2652	42	san¹/²	LOUSE		6703	
2652	29	seri	LOUSE			
2652	50	swɨNᴮ	LOUSE (head)		7383	TL#179
2653	12	C̬-saːŋ	LIZARD		6102	WTF-PNN p.515
2653	63	ʃaŋ-	LIZARD		7747	PCN #200
2658	8	thiŋ	TREE / WOOD		4417	PKC #417
2658	5	sɯŋ	WOOD / TREE		6606	JS-HCST: 104
2658	66	tʰiŋ	WOOD		6900	DRM#492
2658	63	siŋ	WOOD		7758	PCN #211
2658	23	ᴮsiŋ	TREE			
2658	29	siŋ	TREE			
2658	42	sikᴴ ⪤ siŋ	TREE			
2663	66	lej	SQUIRREL		6821	DRM#408
2663	50	hliᴮ	SQUIRREL		7480	TL#276
2663	8	yu-lay	SQUIRREL		5053	PKC #1053
2663	8	thia-hlay	SQUIRREL		4413	PKC #413
2666	8	thum	THREE		4416	PKC #416
2666	5	ɦum	THREE		6663	JS-HCST: 109
2666	66	tʰum	THREE		6866	DRM#455
2666	50	səmᴬ	THREE		7505	TL#300
2666	63	a-sam	THREE		7680	PCN #133
2666	16	ta'm	THREE			
2666	12	C̬-sum	THREE			
2666	23	ᴮsom	THREE			
2666	45	C-sum²	THREE			
2666	42	sum²	THREE			
2670	12	C̥-yəːy	KNOW	a	6232	WTF-PNN: 509
2670	12	C̥-syəːy	LEARN	b	6233	WTF-PNN: 511
2670	66	tʰej	KNOW / SEE		6818	DRM#405
2670	42	šey²/³	KNOW			
2670	8	thay-I, thayʔ-II	KNOW / ABLE / HEAR		4395	PKC #395
2670	45	si²	KNOW			
2670	63	m-thət	KNOW		7737	PCN #190
2671	8	sil	WASH		4681	PKC #681
2673	8	thiir	IRON / METAL / STEEL		4392	PKC #392
2673	66	tʰir	IRON		7062	DRM#673
2673	63	jən	IRON		7721	PCN #174
2682	42	ʔ-da²	PUT / PLACE			
2686	8	tak-I, taʔ-II	WEAVE / PLAIT		4244	PKC #244
2686	66	dak	WEAVE		6958	DRM#554
2686	42	dak²	WEAVE / SPIN			
2686	63	tak	WEAVE		7784	PCN #237
2686	50	thaᴮ	WEAVE (cloth), LOOM		7531	TL#326
2688	8	thal	ARROW		4374	PKC #374
2690	66	taŋ	PINE (TREE)		6890	DRM#481
2690	42	taŋ²	FIREWOOD / PINE			
2691	8	tap	FIREPLACE / HEARTH		4195	PKC #195
2692	8	thuaʔ	LAYER / FOLD		4396	PKC #396
2692	8	khlep	FOLD		5287	PKC #1287
2694	8	taar	POST / PUT ON (the wall) / HANG UP		4218	PKC #218
2697	5	tə ~ ta	BIG		6628	JS-HCST: 165
2697	66	dej	LARGE / BIG		7009	DRM#609
2703	50	g-thɔNᴬ	THOUSAND (people)		7503	TL#298
2706	8	thaw	FLY (n.) / MOSQUITO / MAGGOT		4386	PKC #386
2708	8	tuu	GRANDCHILD / NEPHEW / NIECE		4200	PKC #200
2708	66	du	GRANDCHILD		6781	DRM#368
2709	66	tɐk	GRIND / POUND / CRUSH		6982	DRM#580
2709	8	tuu-I, tuk-II	STRIKE / FIGHT		4235	PKC #235
2709	42	ʔtök	CUT BY A BLOW / HACK AWAY AT			
2709	42	Ntök	CUT BY A BLOW / HACK AWAY AT			
2709	5	tək	CUT UP / MINCE		6627	JS-HCST: 220
2712	8	thuuk	DEEP / PROFOUND		4382	PKC #382
2712	66	tʰuk	DEEP		6973	DRM#570
2718	66	ʃok	EMERGE / EXIT / COME OUT		6968	DRM#565, #677
2718	42	ʔ-twakᴴ	COME OUT, GO OUT, EMERGE		390	HPTB pp.62, 315
2718	8	tshuak-I, tshuaʔ-II	COME OUT / EMERGE / APPEAR		4581	PKC #581
2721	5	tiː	SWEET		6147	JS-HCST: 87
2721	8	tuuy	TASTY / DELICIOUS		4237	PKC #237
2722	8	tak	ACTUAL / REAL	a	4171	PKC #171
2722	8	ɗik ⪤ ɗiŋ	TRUE /  RIGHT / STRAIGHT	b	4114	PKC #114
2722	42	m-d(y)ak	GOOD / PRETTY / FINE		3380	cf. HPTB p.51; 2722 *tyak 'very/real/just'
2725	50	thaŋᴮ	ASCEND / GO UP / RISE		7210	TL#5
2726	42	C-ti-k	ONE			
2726	42	ʔ-dikᴸ	ONE / ONLY			
2726	23	ᴮgrik	ONE			
2727	66	tsa	CHILD / DIMINUTIVE		7125	DRM#747
2727	63	tsaʔ	SON		7567	PCN #020
2729	50	saᴮ	SALT		7448	TL#244
2731	50	k-chaŋᴬ	ELEPHANT		7307	TL#102
2738	42	rəy¹/³	WRITE / COUNT			
2739	45	(k)-tsatᴸ	SAMBHAR DEER			
2742	8	sʰum	MORTAR		4691	PKC #691
2742	66	sum	MORTAR		7126	DRM#748
2742	63	tsh[a/ə]m	MORTAR		7697	PCN #150
2742	8	sʰum-khal	PESTLE		4453	PKC #453
2745	63	tsaŋ	CLEAN (BE) / BE CLEAR		7748	PCN #201
2745	8	thiaŋ-I, thian-II	CLEAN / CLEAR		4379	PKC #379
2746	12	C-tsaːy	PLAY			
2747	8	tsii	SALT		4559	PKC #559
2747	66	ci	SALT		6770	DRM#357
2748	50	chejᴬ	TEN		7495	TL#291
2748	23	ᴮtsjui	TEN			
2748	42	tsay¹	TEN			
2748	45	tsay¹	TEN			
2749	8	saw	BOIL (v.) / HEAT (v.) / SIMMER		4640	PKC #640
2752	8	kop	ADHERE / STICK TO		4247	PKC #247
2757	8	tsi(i)p	CLOSE / SHUT		4528	PKC #528
2764	8	ʔuyʔ	STINK / FETID / SMELL (bad)		4509	PKC #509
2772	66	hwa	AXE		6729	DRM#315
2772	63	pu	AXE		7613	PCN #066
2772	5	faː?	AXE		6306	JS-HCST: 99
2773	8	khua	COSMOS / VILLAGE / ATMOSPHERE		4432	PKC #432
2774	66	wa	GO		6743	DRM#329
2774	63	wa	GO		7572	PCN #025
2777	8	wom	BEAR (animal)		5132	PKC #1132
2777	5	tum	BEAR (animal)		6624	JS-HCST: 173
2777	42	d-wam¹/²	BEAR		293	HPTB p.253
2777	66	him	BEAR		7048	DRM#658
2777	45	k-d-wam¹	BEAR			
2777	50	thamᴬ	BEAR (animal)		7220	TL#15
2777	66	ŋom	BEAR		6855	DRM#444
2778	8	khuay-waʔ	HONEYBEE			
2779	8	we(e)t	WEAR (around body) / TIE (around)		5180	PKC #1180
2779	42	wyatᴸ	WEAR CLOTHES			
2782	5	beː 	MONKEY		6042	JS-HCST: 45
2782	12	woːy	MONKEY		6044	WTF-PNN: 522; JAM-GSTC: 091
2783	8	wil	WATCH / LOOK AFTER  / CARE FOR		5179	PKC #1179
2784	5	joː	NIGHT		6135	JS-HCST: 121
2784	12	C̬-yaᴬ	NIGHT		6136	WTF-PNN: 526
2784	66	ja	NIGHT		6978	DRM#576
2784	8	yaan	NIGHT		5220	PKC #1220
2786	66	ja	RIGHT SIDE		7132	DRM#754
2789	8	yaaŋ-I, yaan-II	LIGHT (weight)		5214	PKC #1214
2790	8	yaap	FAN (v.) / WINNOW / FLUTTER		5199	PKC #1199
2790	5	jap	FAN		6352	JS-HCST: 198
2791	8	yaar	SPREAD / HANG		5237	PKC #1237
2792	8	shuak-I, shuaʔ-II	SCOOP / LADLE		4693	PKC #693
2794	8	sha-yuk	DEER (male) / ANTLER		5195	PKC #1195
2795	8	yun	URINE	b	5245	PKC #1245
2795	8	yut ⪤ yun	LEAK / RUN OUT	a	5213	PKC #1213
2796	8	yuu	MOUSE / RAT		5219	PKC #1219
2796	50	jowᴮ	MOUSE, RAT		7399	TL#195
2798	8	yuu	BEER / LIQUOR		5188	PKC #1188
2800	8	yuar	SELL		5234	PKC #1234
2800	66	jwor	SELL		6926	DRM#521
2800	63	jən	SELL		7720	PCN #173
2801	8	yuul ⪤ yuuy	FOLLOW		5205	PKC #1205
2801	66	ʃuur	FOLLOW		6928	DRM#523
2804	42	zakᴸ	DESCEND		2804	cf. STC p.30, HPTB p.28
2812	8	laa	SPLEEN		5052	PKC #1052
2812	50	k-leᴮ	KIDNEY			
2827	5	kur	BACK (adv.)			
3257	5	vet	TWIST / TURN			
3299	12	laːm	LIE DOWN			
3299	29	glem-	LIE DOWN			
3301	5	-ka ~ -ke	DEAD (resultative verbal particle)		6666	JS-HCST: 148
3317	45	ʔ-ya³	ELEPHANT			
3318	12	C̥-glaːŋ	ELEPHANT			
3318	42	ʔlaŋ¹/³	ELEPHANT			
3322	8	ɗuŋ	REAR / BACK		4103	PKC #103
3323	63	ruŋ	BACK (BODYPART)		7773	PCN #226
3326	12	pʰaŋ	UNDER			
3327	42	tsaŋ¹	PERSON			
3328	5	jin	MUSHROOM		6356	JS-HCST: 121
3340	50	j-Ɂdeᴬ	WAIST		7523	TL#318
3344	63	puʔ	SHOULDER		7615	PCN #068
3361	66	kʰoŋ	NECK		7026	DRM#629
3361	42	ʔgoŋ² 	NECK / NECK-LIKE PART			
3361	5	gruŋ?	THROAT		6331	JS-HCST: 136
3367	63	a/k-hwuŋ	NECK		7767	PCN #220
3416	5	jak	FLESH (human)		2971	JS-HCST: 214
3432	29	hoŋ	HOLE			
3435	42	N-day²	STING / SCOLD			
3435	50	(dəŋᴮ)Ɂdeᴬ	WASP		7528	TL#323
3436	63	tʃə	EGG		7643	PCN #096
3442	42	s-ŋ(y)akᴴ	BIRD			
3443	8	ʔirʔ	BELCH / SPEW		4466	PKC #466
3444	5	mam	PLACENTA		6446	JS-HCST: 170
3449	66	kʰɐm	DOOR		6856	DRM#445
3449	63	khaːm	DOOR		7666	PCN #119
3450	5	pup ~ puk	KISS		6539	JS-HCST: 86
3451	70	hmoom	HOLD (in the mouth)		4875	"PKC #875 (""PCC"")"
3461	12	puːŋ	BREAST / FLOWER			
3465	8	shuur ⪤ shoor	SQUEEZE / MILK (v.) / WRING / RAIN (v.)		4694	PKC #694
3470	5	yo	COPULATE			
3471	63	puŋ	MALE (OF ANIMALS)		7763	PCN #216
3476	8	ɗuʔ	WANT / CRAVE / LACK		4116	PKC #116
3480	63	puk	SPRING FORTH / ORIGINATE / BE BORN		7807	PCN #260
3484	66	ra	BORN		6731	DRM#317
3507	5	ho	RAIN (v.) / FALL FROM A HEIGHT		6344	JS-HCST: 111
3509	5	ɦak	HANG (against the wall)		6652	JS-HCST: 59
3514	8	wut	ASHES / DUST		5130	PKC #1130
3514	66	hwot	ASHES		6949	DRM#544
3514	40	k-but	ASHES			
3515	5	fam	DRY SOMETHING NEAR FIRE		6303	JS-HCST: 101
3515	42	ʔ-lapᴸ	DRY IN SUN		7199	JAM-HPTB: 599
3515	50	hloᴬ	DRY (v.)		7297	TL#92
3519	5	hɯr	WASH		6346	JS-HCST: 112
3524	68	hil ⪤ hel	MIX		4727	"PKC #727 (""PNC"")"
3527	8	haaŋ	JUICE / CURRY		4724	PKC #724
3528	8	woor-I, worʔ-II	THROW / SCATTER / TOSS		5174	PKC #1174
3528	5	vor?	THROW / CAST		6639	JS-HCST: 103
3529	8	ʔuay ⪤ wuay	WILT / SHRIVEL / WITHER		4518	PKC #518
3529	66	hoj	WITHER / FADE		6844	DRM#432
3531	66	han	CURRY / GREEN VEGETABLE		6870	DRM#459
3531	63	a-haːn	CURRY		7711	PCN #164
3531	8	ʔan	VEGETABLES / PLANT (edible)		4516	PKC #516
3544	8	ʔem	HEAT (v.) / DRY / ROAST		4490	PKC #490
3552	12	ʔ-we	COUNT		7172	WTF-PNN:472
3553	8	woyʔ ⪤ weyʔ	FART		5147	PKC #1147
3556	42	wa³	TRAP			
3556	23	ᴮʰŋwa	TRAP			
3559	8	tsii	SEED / CROP	a	4560	PKC #560
3559	8	khlaay-tsii	SEED / CROP	b	5298	PKC #1298
3559	63	ma-tʃəjʔ	SEED		7654	PCN #107
3559	66	tʰa	SEED		7050	DRM#660
3560	5	li	SEED		6427	JS-HCST: 150
3561	42	yəw²	SEED			
3563	8	tan	AMPUTATE / CUT / CROSS (cf. shortcut)		4175	PKC #175
3566	45	m-da¹	FERN			
3567	42	s-nyakᴴ	WET		3567	TSR150 Cf. brain
3569	66	ra	COME		7065	DRM#676
3570	5	mV-doŋ ~ pV-doŋ	RAIN (n.)		6472	JS-HCST: 191
3573	5	du	DIG		6292	JS-HCST: 153
3573	12	tʰu	DIG		7196	WTF-PNN: 477
3573	8	tuu	HOE (n.)		4201	Meso of #3573? PKC #201
3573	42	n‑du² 	DIG			
3573	42	ʔ‑du²	BURY SOMETHING			
3573	23	ᴮtoː / ᴮtwo	HOE (n.)			
3574	45	C-gray¹	STAR			
3574	42	ʔ-grəy¹	STAR			
3574	8	kraay	SCATTER			
3574	50	lɛᴮ	WIDE		7536	TL#331
3574	35	tsu-gray	STAR			
3577	42	mwatᴸ	START / MOON			
3582	8	lay ⪤ hlay	BRIDGE		4995	PKC #995
3590	63	tsaŋ	SEED, NUT		7749	PCN #202
3591	70	tsuaŋ-I, tsuan-II	MOUNT / EMBARK / SIT ON		4549	"PKC #549 (""PCC"")"
3594	8	taw	SIT / SQUAT		4227	PKC #227
3596	70	thruu-I, thrut-II	SIT		5352	"PKC #1352 (""PCC"")"
3604	42	m-dzam¹	BRIDGE		334	HPTB pp.19, 253, 254, 530
3604	23	ᴬtsam	BRIDGE			
3604	45	dzam¹	BRIDGE			
3607	45	N-dzyam²	WEDGE			
4054	8	ɓaaŋ	TIRED / EXHAUSTED			
4088	8	ɗam	HEALTHY / WELL			
4135	8	paay ⪤ pooy	 CONCEIVE / CARRY (close to the body)			
4143	8	pom	"	EMBRACE / ACCEPT / HUG"			
4143	50	phɔɁᴰ	EMBRACE, HUG		7308	TL#103
4184	8	tuak	CALCULATE / COUNT / TALLY			
4184	50	dwáʔ	COMPUTE / CALCULATE			
4319	8	kuaŋ	TROUGH / BOX / TRAY			
4452	8	khek-I, kheʔ-II	PEEL OFF / STRIP			
4477	50	ɁɔNᴮ	LIVE, STAY		7376	TL#172
4477	8	ʔ(u/o)m	DWELL / EXIST / LIVE / STAY			
4532	8	tsaw, tsoʔ-II	DIG			
4532	66	cow	DIG		6829	DRM#417
4565	8	tsa(a)m	STAY / SPEND (time)			
4758	66	moj	CLOUD		6838	DRM#426
4758	8	may	CLOUD / FOG			
4759	8	man	COST / PRICE		4759	PKC #759
4759	66	man	PRICE		7149	DRM#771
4759	63	a-maːn	PRICE, COST, VALUE		7706	PCN #159
4769	8	mee	GOAT		4769	PKC #769
4769	66	mej	GOAT		6998	DRM#598
4819	5	not²	RUB (skin)		6496	JS-HCST: 211
4819	8	noot ⪤ hnoot	MOP / RUB / WIPE			
4882	8	hmay	WIDOW / WIDOWER			
4903	12	nuaːy	RUB			
4903	8	hnuay	RUB / CRUMPLE / TWIST			
5015	45	luk OR lap	ENTER			
5056	8	laa-I, laak-II	TAKE / FETCH			
5140	8	wot	COLD / CHILLY			
5335	50	dɛɁᴰ/dwɛɁᴰ	TORN		7513	TL#308
5335	70	tret-I, treʔ-II	WORN OUT / TORN			
5335	23	ᴬɖaː	BE TORN			
5335	23	ᴬɖeː	TORN			
5371	8	phrim	NEEDLE		5339	PKC #1339
5371	66	prim	NEEDLE		6860	DRM#449
5373	66	sam	RUN / FLEE		6851	DRM#440
5373	63	a-ʃaːm	RUN / WALK		7667	PCN #120
5374	63	ram	BURY / ENDURE, BEAR		7684	PCN #137
5383	42	dzum³/¹ ⪤ tsum¹	PAIR / EVEN NUMBER			
5384	12	C-ga(ː)y	SOW			
5394	8	haay	MANGO			
5400	42	m-kaŋ	SPIDER			
5400	50	gaŋᴬ	SPIDER			
5400	12	ʔ-paŋ	SPINDLE			
5400	42	g-waŋ¹	SPIDER / SPIN / SPINDLE			
5404	42	krəy¹	MOON / MOONLIGHT			
5405	29	ta-	SEE			
5407	45	m-bupᴸ	WRITE / ROT			
5411	42	m-pökᴴ	SHOOT			
5413	42	Ndža¹ 	SPARROW			
5414	8	tooy	SHORT / BRIEF		4226	PKC #226
5414	66	tew	SMALL / FEW	a	6993	DRM#593
5414	66	tu	SHORT (LENGTH OR HEIGHT)	b	7138	DRM#760
5414	42	dəw¹	SHORT		7174	JAM
5418	8	riŋ-I, rin-II	RING / LOUD / SOUND		4966	Meso of #5418? PKC #966
5419	42	ney³ ⪤ *ʔney¹	LOOK / TRY		1237	
5425	50	Ɂdaᴬ	SPREAD OUT (A MAT)		7478	TL#274
5429	42	ʔ-blu¹	PORCUPINE			
5429	8	sha-phruu	ANTEATER / PANGOLIN		5337	PKC #1337
5432	50	hloŋᴮ	MAGGOT		7385	TL#181
5432	12	gluŋ	INSECT / WORM			
5432	42	k-luk ⪤ k-luŋ	MAGGOT			
5432	8	luŋ	MAGGOT / WORM		5034	PKC #1034
5440	42	tup ⪤ tip ⪤ tum	WRAP UP AND TIE			
5440	8	tom ⪤ tum	WRAP / ENVELOP		4246	PKC #246
5440	8	tuam	BANDAGE / BIND / COVER / WRAP		4178	Meso of 5440? PKC #178
5440	66	dom	WRAP		7111	Meso of 5440? DRM#732
5445	12	wən	LOAD / BURDEN			
5446	8	hlaa	SONG		5122	PKC #1122
5446	66	hla	SONG		7133	DRM#755
5448	8	θuur	RAINY SEASON / MONSOON		4626	PKC #626
5455	70	tsik	CUT (solid object)		4530	"PKC #530 (""PCC"")"
5456	8	tsiŋ-laa	KIN / RELATIVE		4544	PKC #544
5462	66	nam	BASKET STRAP		6845	DRM#433
5472	45	kakᴴ	EXPENSIVE / AT ITS PEAK			
5482	66	cop	LUNG		7104	DRM#725
5484	8	waa	HUSBAND		5154	PKC #1154
5484	50	khwaᴬ	MAN, MALE		7387	TL#183
5493	8	laa	FEMALE (adolescent stage)		5018	PKC #1018
5493	66	la	DAUGHTER		7002	DRM#602
5493	63	la	FEMALE, WOMAN		7581	PCN #034
5493	12	C̥-glaᴮ	FEMALE			
5495	66	rwo	PLURAL		7056	DRM#666
5498	42	la²	yes/no question particle			
5498	42	lay²/³	substance question particle			
5515	42	takᴴ	SHARP		2685	STC p.87
5515	50	thaŋᴬ	SHARP		7456	TL#252
5518	50	Ɂbaŋᴬ	YELLOW		7544	TL#339
5525	42	ʔnyit	SQUEEZE / PRESS			
5530	42	ʔ-nyakᴸ	STICKY			
5539	66	ju	KISS		7015	DRM#616
5540	70	zuu-I, zuuk-II	SUCK / SMOKE (v.)		5239	"PKC #1239 (""PCC"")"
5540	50	cwiKᴰ	SUCK		7488	TL#284
5541	42	ʔcupᴴ ⪤ *ʔjupᴸ ⪤ *C-cupᴸ	SUCK / MILK			
5541	12	CⓋ-cuːp	SUCK			
5541	12	CⓋ-cʰup	KISS			
5541	8	θeep	SUCK / SMOKE (v.)		4632	PKC #632
5541	63	m-tshəp	SUCK / KISS		7703	PCN #156
5544	42	hya¹	SWIDDEN / FIELD (MOUNTAIN)			
5545	66	mej	TAIL		6822	DRM#409
5545	12	C̥-meːy	TAIL			
5545	63	a-hmej	TAIL		7602	PCN #055
5545	50	meᴮ	TAIL		7493	TL#289
5551	8	paa	THIN			
5551	42	ba²	THIN			
5551	50	Ɂbaᴮ	CLASSIFIER FOR FLAT OBJECTS		7258	TL#53
5551	50	pjaᴮ	FLAT		7323	TL#118
5551	50	ɁbVᴬ	THIN (as of cloth)		7501	TL#297
5555	23	ᴮɕu	STRING (beads)			
5556	8	paay-I, payʔ-II	CAST / THROW		4132	Meso of 5556? PKC #132
5558	8	kreek	LIGHTNING / THUNDER		5324	PKC #1324
5558	8	gleːk	THUNDERBOLT			
5560	42	(k-)la	TIGER		2389	STC p.26
5560	12	C-gya	TIGER		6115	from WTF-PNN: 569
5561	42	kyiːn¹ ⪤ kriːn¹	TIME			
5562	42	ʔpok	TIME / OCCASION			
5564	45	tsakᴸ	FILTHY / DIRTY / RAT			
5574	42	zum²	USE		2810	STC p.30
5577	5	rjaŋ	WAIT FOR		6565	JS-HCST: 186
5594	42	sutᴴ ⪤ sitᴴ	WIPE / SWEEP			
5594	8	thut-I, thuʔ-II	WIPE / ANOINT / PAINT		4419	PKC #419
5594	66	ʃut	RUB / BRUSH		6981	DRM#579
5594	5	tit	WIPE		6618	JS-HCST: 88
5598	50	hnwɛᴮ	YAM, POTATO		7542	TL#337
5601	42	ʔ-ñey¹	SIBLING (YOUNGER)			
5602	8	tuu	SHEEP		4225	PKC #225
5604	50	kliɁᴰ	TORTOISE		7514	TL#309
5606	66	la	ASHES		6728	DRM#314
5606	45	C-la¹	ASHES			
5607	66	muk	CATTLE		7137	DRM#759
5609	45	taŋ³	KNIFE			
5610	8	nam ⪤ nom	PUSH / PRESS / PRINT		4828	PKC #828
5611	63	a-tsuŋ	SHIELD		7768	PCN #221
5613	42	laŋ¹	PULL			
5615	50	paɁᴰ	BROKEN / SPLIT / SEPARATE			
5624	50	ceᴮ	LEFT (SIDE)			
5624	5	(lak-)ke	LEFT (HAND)			
5638	42	m-dzəy¹	LIQUOR			
5643	63	m-l[aː/a/ə]n	CHANGE / EXCHANGE		7725	PCN #178
5645	66	su	WASH		7078	DRM#692
5645	8	suu-I, suuk-II	WASH		4683	PKC #683
5646	42	prəy¹	UNTIE			
5647	42	tsəy²	WASH			
5652	8	ŋam	DARE		4849	PKC #849
5664	34	m(y)a	BAMBOO		5663	JAM
5664	45	ma¹	BAMBOO			
5665	8	phur ⪤ phor	CARRY (on back)		4330	PKC #330
5665	12	ʔ-kur	CARRY			
5669	42	rakᴸ	WEAVE / DRIVE / CHASE			
5675	50	jɨmᴮ	BELIEVE		7224	TL#19
5675	8	yuum	BELIEVE		5189	PKC #1189
5676	23	ᴬdroŋ	DIE (honorific)			
5677	42	k-ra²	STRENGTH / WIN / OVERCOME		158	
5677	42	ra³	GET / OBTAIN			
5677	42	ra²	CLF FOR PEOPLE			
5683	8	waar	FAIR (color) / PALE / WHITE		5146	PKC #1146
5683	66	hwor	LIGHT / SHINE		7121	DRM#743
5684	42	ʔ-lu¹	FRY / STIR-FRY / TOAST			
5687	70	zet	VERY / EXCEEDINGLY		5246	"PKC #1246 (""PCC"")"
5689	70	toŋ-I, ton-II	MEET / CONTACT		4207	"PKC #207 (""PCC"")"
5689	8	ɗoŋ-I, ɗon-II	MEET / WELCOME / RECEIVE / COLLECT		4096	PKC #96
5689	45	C-doŋ²	MEET			
5695	42	{C}-pyakᴸ ⪤ Npyakᴴ	SPRINKLE (with water)			
5697	8	ru(u)y	DRUNK / INTOXICATED / NAUSEATED		4932	PKC #932
5699	8	hŋaak-I, hŋaʔ-II	WAIT		4917	PKC #917
5699	66	ŋɐk	WAIT		7156	DRM#778
5700	8	ɓil	FOLD		4028	PKC #28
5700	5	pil	FOLD (v.t.)		6516	JS-HCST: 231
5701	8	leeŋ	CART / VEHICLE		4998	PKC #998
5704	42	pwaŋ³	OPEN			
5709	45	pi²	CLOSE			
5709	50	Ɂbiᴮ	CLOSE (ONE’S EYES)		7265	TL#60
5709	50	p/biɁᴰ	EXTINGUISH (v.t.)		7311	TL#106
5715	23	ᴮʰnat	FULL			
5715	78	m-nywan	FULL			
5719	42	ʔwan	WIDE			
5720	42	ʔ-džan³ ⪤ ʔ-tšan³	STRETCH OUT			
5721	8	sʰan ⪤ sʰen	RED			
5730	8	khal	FREEZE / CLOT / SOLIDIFY		4443	PKC #443
5730	66	kar	STRONG			
5737	66	pʰaar	LUNG			
5740	16	n(y)am	GOOD			
5753	42	m-dzəw²	RULER / LORD / EMPEROR			
5755	12	ley	BE		1903	WTF pp.454-5
5755	66	lej	BE / EXIST / HAVE		6810	DRM#397
5772	45	N-k(r)a³/¹	HELP			
5773	42	ʔtsukᴴ	BUILD (e,g, a house)			
5776	12	C-griŋ	VILLAGE		6124	from WTF-PNN: 574
5779	8	tum	BLOCK (n.)		4180	PKC #180
5780	8	hlaak	LADDER / STAIRS		5112	PKC #1112
5782	35	t-yam	POT			
5782	8	ʔ(u/a)m	GOURD / POT		4488	PKC #488
5782	66	am	POT		6850	DRM#439
6023	66	kol	HORSE		6911	DRM#505
6023	12	koːy	HORSE		6120	WTF-PNN: 505
6023	5	kɯ	HORSE		6119	JS-HCST: 90
6032	8	sha-yaa	IBEX / WILD GOAT		5208	PKC #1208; all supporting forms moved to #6032
6032	50	jajᴬ	SEROW, MOUNTAIN GOAT		7453	TL#249
6049	8	yooŋ	MONKEY		5217	PKC #1217
6049	66	joŋ	MONKEY		6901	DRM#494
6051	5	pjaŋ	WILD DOG		6518	JS-HCST: 137
6053	42	wan¹	JACKAL / WOLF / DHOLE / WILD DOG		6052	
6053	12	C-khyual	WOLF		6101	WTF-PNN p.580
6063	23	ᴬtaː	TIGER (YEAR)		6066	MM-Thesis: 430
6072	8	laa	DONKEY / ASS / MULE		5012	PKC #1012
6073	8	tuŋ-I, tun-II	ERECT / POST / VERTICAL		4192	PKC #192
6073	63	tuŋ	STEM, TRUNK / POST / TREE		7765	PCN #218
6079	8	thu(u)r ⪤ tho(o)r	ACID / SOUR		4369	PKC #369
6079	66	tʰuur	SOUR		6929	DRM#524
6079	63	a-san	SOUR		7714	PCN #167
6080	50	soᴬ	SHEEP		7457	TL#253
6092	8	huuk ⪤ hook	BARK (deer)		4699	PKC #699
6093	8	ram	LAND / COUNTRY / FOREST		4953	PKC #953
6093	66	ram	VILLAGE / LAND		6854	DRM#443
6093	12	C̬-ram	JUNGLE		7166	WTF-PNN:507
6093	63	raːm	JUNGLE, FOREST		7670	PCN #123
6094	42	ru²	CRAZY		6095	cf. HPTB p.180
6094	5	ru	CRAZY / MAD		6096	from JS-HCST: 153
6094	8	ruut ⪤ hruut	FOOLISH / MAD		4940	PKC #940
6099	5	mjo 	TIGER		6061	JS-HCST: 141
6099	23	ᴮmaŋ	TIGER		6067	MM-Thesis: 754
6104	66	deŋ	LIZARD		7039	DRM#642
6107	50	khlo	SNAIL		6108	
6107	50	khloᴮ	SNAIL (LAND~)		7468	TL#264
6109	5	n(y)o	SNAIL			
6112	50	g-laŋ	PYTHON		6113	
6112	42	liŋ² ⪤ likᴸ	PYTHON			
6127	8	hnuu	LATE / BEHIND		4895	PKC #895
6128	63	m-puŋ	WIND (n.)		7764	PCN #217
6129	66	pʰa	SEEK		6750	DRM#337
6129	63	pwa	SEARCH, SEEK		7583	PCN #036
6130	63	a-ma(ŋ)	DARK		7744	PCN #197
6131	42	m-krak	SCRATCH		1465	
6131	42	Nkret	SCRATCH / SCRAPE / RASP			
6131	23	ᴮkʰret	SCRATCH			
6131	63	a-tʃhət	SHAVE / SCRAPE			
6131	68	kiat	SCRAPE		4307	"PKC #307 (""PNC"")"
6132	63	(h)rak	BIND, TIE		7804	PCN #257
6133	8	ɓa(a)y ⪤ pa(a)y	LAME / LIMP / HALTING (speech)		4033	PKC #33
6133	12	baːy	JUMP			
6134	5	jo	GRANDMOTHER		6360	JS-HCST: 121
6134	63	ja	MOTHER		7576	PCN #029
6150	8	khlum	SWEET		5305	PKC #1305
6163	8	plii ⪤ play	RUN / FLEE		5251	PKC #1251
6163	42	b-rəy²	RUN		6164	HPTB
6165	8	kum	AGE / YEAR		4249	PKC #249
6165	66	kum	YEAR		6868	DRM#457
6165	63	a-kam	YEAR / SEASON		7676	PCN #129
6172	8	ŋaʔ	GET / ATTAIN / POSSESS		4856	PKC #856
6173	70	hruay	LEAD / GUIDE		5087	"PKC #1087 (""PCC"")"
6174	63	hram	CATCH, SEIZE, HOLD		7686	PCN #139
6178	42	C-syik	NEW		6179	
6186	42	gyapᴸ	NARROW		6187	
6188	8	hril	CHOOSE / SELECT		5076	PKC #1076
6192	63	(h)raj	DISEASE, ILLNESS, AILMENT		7599	PCN #052
6199	12	C-kʰruːm	WORSHIP (v.)	a	6195	WTF-PNN: 583; French suggests PTB doublet like *s-g-rim ⪤ *s-g-ruːm
6199	12	lim	WORSHIP (v.)	b	6196	WTF-PNN: 582
6199	23	ᴬgom	WORSHIP (v.)		6198	MM-Thesis: 160
6200	5	mɯŋ	THINK		6485	JS-HCST: 114
6200	63	a-maŋ	BELIEVE			
6212	42	gim¹	SET (of the sun)			
6217	63	m-ja	PALM OF HAND		7577	PCN #030
6217	66	ja	PALM (HAND)		6749	DRM#336
6217	50	ɲaᴬ	PALM (OF THE HAND)		7414	TL#210
6218	63	m-yaŋ	SWEET			
6227	42	ʔ-nakᴸ ⪤ m-nak	EARLY MORNING			
6231	42	ʔlay¹	LATE / SLOW		6230	JAM-GSTC: 157
6231	8	klaay	LATE / SLOW		5264	PKC #1264
6256	8	puak-I, puaʔ-II	BLAST / BURST / EXPLODE		4126	PKC #126
6256	66	wok	BURST		7069	DRM#681
6312	66	tsiŋ	SKY / HEAVEN / RAIN		6897	DRM#489
6312	63	tsiŋ	CELESTIAL / SKY / WEATHER		7761	PCN #214
6365	50	thaɁᴰ	IRON		7359	TL#155
6365	50	th(á/a)ʔ	IRON / NEEDLE		6078	RBJ-KLS: 84; STC: 9n33
6402	50	pɨᴮ	CARRY (ON THE BACK)		7245	TL#40
6402	66	pʰuŋ	CARRY (ON SHOULDERS)		7076	DRM#690
6406	5	kruŋ	SOUR			
6424	5	le-pit	NUMB (in the feet)			
6479	5	mɯk	POWDER			
6512	5	PET	FORCE INTO (a crack)			
6621	63	-məj	DESIDERATIVE			
6629	66	ra	TEN		6752	DRM#339
6629	8	hraa	TEN		5100	PKC #1100
6629	63	th-ra	(TIMES) TEN		7580	PCN #033
6695	8	ʔaak	RAVEN / CROW (n.)		4499	PKC #499
6695	5	ak	CROW (bird)		6242	JS-HCST: 145
6697	42	dzəy²	CHISEL			
6704	12	dzuak	SHOULDER		3342	WTF 546 KEEP 6/2012
6705	5	kat¹	ESCAPE / FLEE		6372	JS-HCST: 210; note that ¹ is not a tone
6706	66	tʰak	KICK		7049	DRM#659
6706	42	tekᴴ	KICK			
6707	5	pok	JUMP		3035	JS-HCST: 51
6707	42	ʔpök	JUMP			
6950	66	mot	BANANA			
7091	66	tʰo	FULL / SATIATED			
7094	66	tʰi	NUMB / PARALYZED			
7173	5	təŋ ⪤ dəŋ	SHORT		6630	JS-HCST: 193
7175	42	ʔŋiŋ¹	SHORT		7176	JAM
7181	8	tar	OLD / SENILE		4214	PKC #214
7181	66	saar	OLD		6923	DRM#518
7181	42	san²	OLD (of things)		7180	DL:1174
7181	50	saʔ	OLD (of people)		7182	JAM
7183	42	ʔ-li¹	OLD (of things)		7184	DB-PLolo: 537B
7185	42	ʔ-bi²	OLD (of things)		7179	JAM
7203	40	ká	HOT			
7416	50	(thoᴮ)kiᴮ	PARROT / PARAKEET			
7416	66	ci	PARROT		7131	DRM#753
7416	42	gyəy²	PARROT			
7427	50	s-Ɂbaᴬ	PORCUPINE (BRUSH-TAILED)			
7617	63	phuʔ	POT / PLATE / DISH			
7617	5	pV	POT (generic)			
7617	23	ᴬpuː	JAR / POT			
7734	63	hmit	RUB			
7734	66	mit	RUB		7074	DRM#688
7772	8	yuŋ-I, yun-II	URINATE		5244	PKC #1244
7772	63	ph-juŋ	URINATE / URINE			
8023	23	ᴮgjat 	work			
